-- MySQL dump 10.13  Distrib 5.5.62, for debian-linux-gnu (x86_64)
--
-- Host: localhost    Database: sdpwjcphkt
-- ------------------------------------------------------
-- Server version	5.5.62-0+deb8u1

/*!40101 SET @OLD_CHARACTER_SET_CLIENT=@@CHARACTER_SET_CLIENT */;
/*!40101 SET @OLD_CHARACTER_SET_RESULTS=@@CHARACTER_SET_RESULTS */;
/*!40101 SET @OLD_COLLATION_CONNECTION=@@COLLATION_CONNECTION */;
/*!40101 SET NAMES utf8 */;
/*!40103 SET @OLD_TIME_ZONE=@@TIME_ZONE */;
/*!40103 SET TIME_ZONE='+00:00' */;
/*!40014 SET @OLD_UNIQUE_CHECKS=@@UNIQUE_CHECKS, UNIQUE_CHECKS=0 */;
/*!40014 SET @OLD_FOREIGN_KEY_CHECKS=@@FOREIGN_KEY_CHECKS, FOREIGN_KEY_CHECKS=0 */;
/*!40101 SET @OLD_SQL_MODE=@@SQL_MODE, SQL_MODE='NO_AUTO_VALUE_ON_ZERO' */;
/*!40111 SET @OLD_SQL_NOTES=@@SQL_NOTES, SQL_NOTES=0 */;

--
-- Table structure for table `articles`
--

DROP TABLE IF EXISTS `articles`;
/*!40101 SET @saved_cs_client     = @@character_set_client */;
/*!40101 SET character_set_client = utf8 */;
CREATE TABLE `articles` (
  `id` int(10) unsigned NOT NULL AUTO_INCREMENT,
  `order` int(10) unsigned NOT NULL DEFAULT '0',
  `title` varchar(191) COLLATE utf8mb4_unicode_ci NOT NULL,
  `seo_title` varchar(191) COLLATE utf8mb4_unicode_ci DEFAULT NULL,
  `excerpt` text COLLATE utf8mb4_unicode_ci,
  `body` longtext COLLATE utf8mb4_unicode_ci,
  `image` varchar(191) COLLATE utf8mb4_unicode_ci DEFAULT NULL,
  `images` text COLLATE utf8mb4_unicode_ci,
  `slug` varchar(191) COLLATE utf8mb4_unicode_ci NOT NULL,
  `meta_description` text COLLATE utf8mb4_unicode_ci,
  `meta_keywords` text COLLATE utf8mb4_unicode_ci,
  `created_at` timestamp NULL DEFAULT NULL,
  `updated_at` timestamp NULL DEFAULT NULL,
  `deleted_at` timestamp NULL DEFAULT NULL,
  PRIMARY KEY (`id`),
  UNIQUE KEY `articles_slug_unique` (`slug`)
) ENGINE=InnoDB AUTO_INCREMENT=2 DEFAULT CHARSET=utf8mb4 COLLATE=utf8mb4_unicode_ci;
/*!40101 SET character_set_client = @saved_cs_client */;

--
-- Dumping data for table `articles`
--

LOCK TABLES `articles` WRITE;
/*!40000 ALTER TABLE `articles` DISABLE KEYS */;
INSERT INTO `articles` VALUES (1,0,'Lorem ipsum dolor',NULL,'Lorem ipsum dolor sit amet, consectetur adipiscing elit. Nam congue ullamcorper cursus. Vestibulum maximus libero vitae tincidunt venenatis.','<p class=\"MsoNormal\">Lorem ipsum dolor sit amet, consectetur adipiscing elit. Nam congue ullamcorper cursus. Vestibulum maximus libero vitae tincidunt venenatis. Fusce imperdiet nisl eget arcu scelerisque, eleifend ullamcorper felis semper. Vivamus luctus, mi nec ornare mollis, diam ex volutpat dui, non dignissim massa arcu quis lectus. Nulla ultricies egestas sem non tincidunt. Donec velit sapien, sodales eget congue vitae, vulputate sed est. Class aptent taciti sociosqu ad litora torquent per conubia nostra, per inceptos himenaeos. Integer eu nisi vel diam suscipit mollis. Suspendisse eu pretium mi, in pellentesque enim.</p>\r\n<p class=\"MsoNormal\">Nunc sodales mauris nec mi molestie, ut blandit nisl eleifend. Ut ut ullamcorper orci. Aliquam quis tincidunt quam. Suspendisse potenti. Duis hendrerit et ex in convallis. Cras accumsan at felis vel condimentum. Orci varius natoque penatibus et magnis dis parturient montes, nascetur ridiculus mus.</p>\r\n<p class=\"MsoNormal\">Morbi a faucibus felis. Vestibulum vestibulum leo eu cursus scelerisque. Nulla non tellus ligula. Vestibulum eu turpis non neque congue sollicitudin. In dignissim urna dictum ipsum dapibus, at imperdiet tortor efficitur. Ut elementum, est et vehicula pellentesque, mi nisi ullamcorper augue, id aliquam velit purus ac nulla. Cras congue est in tellus convallis bibendum vel tincidunt elit. Nulla condimentum ante non odio faucibus luctus.</p>\r\n<p class=\"MsoNormal\">Donec varius nibh a metus ultricies, vitae tempus magna pretium. Morbi libero dui, porttitor ut purus non, pharetra sagittis lorem. Nam sed est egestas, euismod ligula hendrerit, maximus quam. Praesent rhoncus urna ut sem bibendum, id aliquam purus accumsan. Etiam a nulla lacinia, pellentesque lectus a, placerat quam. Fusce egestas purus dui. Morbi porttitor tincidunt commodo.</p>\r\n<p class=\"MsoNormal\">Vestibulum mollis vel nibh gravida cursus. Aenean bibendum lacinia justo, vitae suscipit risus convallis eu. Sed sit amet placerat odio. Proin vulputate erat nec porttitor venenatis. Morbi nunc urna, finibus et consequat at, dictum ut mi. Aliquam erat volutpat. Phasellus sit amet fermentum mauris. In vestibulum augue vitae tempus auctor. Curabitur sollicitudin, nulla quis fringilla suscipit, lectus tellus ultrices nunc, ac feugiat quam diam feugiat ligula. Maecenas id congue ipsum, vel fermentum nibh. Donec sed elit eu diam suscipit pharetra. Nunc in lacinia lorem, vitae ultrices urna. Cras at ante in leo ornare pellentesque vel et lacus. In tristique tellus sit amet quam egestas ultricies vel quis leo. Etiam laoreet eros eu feugiat blandit.</p>','articles/October2018/rCSrxWOzEdUd3ddR5Wse.jpg','[\"articles\\/October2018\\/8LupRjL1CYtf6t14Ehwa.jpg\"]','lorem-ipsum-dolor',NULL,NULL,'2018-10-31 21:31:05','2018-10-31 21:36:09',NULL);
/*!40000 ALTER TABLE `articles` ENABLE KEYS */;
UNLOCK TABLES;

--
-- Table structure for table `banners`
--

DROP TABLE IF EXISTS `banners`;
/*!40101 SET @saved_cs_client     = @@character_set_client */;
/*!40101 SET character_set_client = utf8 */;
CREATE TABLE `banners` (
  `id` int(10) unsigned NOT NULL AUTO_INCREMENT,
  `order` int(10) unsigned NOT NULL DEFAULT '0',
  `title` varchar(191) COLLATE utf8mb4_unicode_ci NOT NULL,
  `image` varchar(191) COLLATE utf8mb4_unicode_ci DEFAULT NULL,
  `created_at` timestamp NULL DEFAULT NULL,
  `updated_at` timestamp NULL DEFAULT NULL,
  `deleted_at` timestamp NULL DEFAULT NULL,
  PRIMARY KEY (`id`)
) ENGINE=InnoDB AUTO_INCREMENT=4 DEFAULT CHARSET=utf8mb4 COLLATE=utf8mb4_unicode_ci;
/*!40101 SET character_set_client = @saved_cs_client */;

--
-- Dumping data for table `banners`
--

LOCK TABLES `banners` WRITE;
/*!40000 ALTER TABLE `banners` DISABLE KEYS */;
INSERT INTO `banners` VALUES (1,0,'Banner 1','banners/October2018/svnREhWjLqfA3wCsGRSu.jpg','2018-10-28 19:30:55','2018-10-31 18:05:11',NULL),(2,0,'Banner 2','banners/October2018/7ALBuyB9a3PuwvoChpU1.jpg','2018-10-28 19:31:10','2018-10-31 18:04:54',NULL),(3,0,'Banner 3','banners/October2018/V7gUSZnPzjoW0exxLfql.jpg','2018-10-28 19:31:26','2018-10-31 18:03:40',NULL);
/*!40000 ALTER TABLE `banners` ENABLE KEYS */;
UNLOCK TABLES;

--
-- Table structure for table `categories`
--

DROP TABLE IF EXISTS `categories`;
/*!40101 SET @saved_cs_client     = @@character_set_client */;
/*!40101 SET character_set_client = utf8 */;
CREATE TABLE `categories` (
  `id` int(10) unsigned NOT NULL AUTO_INCREMENT,
  `order` int(10) unsigned NOT NULL DEFAULT '0',
  `title` varchar(191) COLLATE utf8mb4_unicode_ci NOT NULL,
  `seo_title` varchar(191) COLLATE utf8mb4_unicode_ci DEFAULT NULL,
  `body` longtext COLLATE utf8mb4_unicode_ci,
  `slug` varchar(191) COLLATE utf8mb4_unicode_ci NOT NULL,
  `meta_description` text COLLATE utf8mb4_unicode_ci,
  `meta_keywords` text COLLATE utf8mb4_unicode_ci,
  `created_at` timestamp NULL DEFAULT NULL,
  `updated_at` timestamp NULL DEFAULT NULL,
  `deleted_at` timestamp NULL DEFAULT NULL,
  PRIMARY KEY (`id`),
  UNIQUE KEY `categories_slug_unique` (`slug`)
) ENGINE=InnoDB AUTO_INCREMENT=11 DEFAULT CHARSET=utf8mb4 COLLATE=utf8mb4_unicode_ci;
/*!40101 SET character_set_client = @saved_cs_client */;

--
-- Dumping data for table `categories`
--

LOCK TABLES `categories` WRITE;
/*!40000 ALTER TABLE `categories` DISABLE KEYS */;
INSERT INTO `categories` VALUES (1,0,'Full Synthetic Engine Oil',NULL,NULL,'full-synthetic-engine-oil',NULL,NULL,'2018-11-01 16:29:41','2018-11-01 16:29:41',NULL),(2,0,'Synthetic Blend Engine Oil',NULL,NULL,'synthetic-blend-engine-oil',NULL,NULL,'2018-11-01 16:29:54','2018-11-01 16:29:54',NULL),(3,0,'Full Synthetic Engine Oils - Dexos1®',NULL,NULL,'full-synthetic-engine-oils-dexos1-r',NULL,NULL,'2018-11-01 16:30:06','2018-11-01 16:30:06',NULL),(4,0,'Full Synthetic Engine Oil - Euro Line',NULL,NULL,'full-synthetic-engine-oil-euro-line',NULL,NULL,'2018-11-01 16:30:18','2018-11-01 16:30:18',NULL),(5,0,'High Mileage Motor Oil',NULL,NULL,'high-mileage-motor-oil',NULL,NULL,'2018-11-01 16:30:30','2018-11-01 16:30:30',NULL),(6,0,'Transmission Oil',NULL,NULL,'transmission-oil',NULL,NULL,'2018-11-01 16:30:43','2018-11-01 16:30:43',NULL),(7,0,'Heavy-Duty Oil',NULL,NULL,'heavy-duty-oil',NULL,NULL,'2018-11-01 16:30:56','2018-11-01 16:30:56',NULL),(8,0,'Industry Oil',NULL,NULL,'industry-oil',NULL,NULL,'2018-11-01 16:31:08','2018-11-01 16:31:08',NULL),(9,0,'Hydraulic Oil',NULL,NULL,'hydraulic-oil',NULL,NULL,'2018-11-01 16:31:22','2018-11-01 16:31:22',NULL),(10,0,'Tractor Oil',NULL,NULL,'tractor-oil',NULL,NULL,'2018-11-01 16:31:48','2018-11-01 16:31:48',NULL);
/*!40000 ALTER TABLE `categories` ENABLE KEYS */;
UNLOCK TABLES;

--
-- Table structure for table `category_product`
--

DROP TABLE IF EXISTS `category_product`;
/*!40101 SET @saved_cs_client     = @@character_set_client */;
/*!40101 SET character_set_client = utf8 */;
CREATE TABLE `category_product` (
  `id` int(10) unsigned NOT NULL AUTO_INCREMENT,
  `product_id` int(11) NOT NULL,
  `category_id` int(11) NOT NULL,
  PRIMARY KEY (`id`)
) ENGINE=InnoDB AUTO_INCREMENT=52 DEFAULT CHARSET=utf8mb4 COLLATE=utf8mb4_unicode_ci;
/*!40101 SET character_set_client = @saved_cs_client */;

--
-- Dumping data for table `category_product`
--

LOCK TABLES `category_product` WRITE;
/*!40000 ALTER TABLE `category_product` DISABLE KEYS */;
INSERT INTO `category_product` VALUES (1,12,1),(2,13,1),(3,14,2),(4,15,2),(5,16,1),(6,17,1),(7,18,1),(8,19,1),(9,20,2),(10,21,2),(11,22,2),(12,23,1),(13,24,3),(14,25,3),(15,26,4),(16,28,5),(17,29,5),(18,30,5),(19,31,6),(20,32,6),(21,33,6),(25,36,9),(26,34,9),(27,35,9),(28,38,7),(29,39,7),(30,40,7),(31,41,7),(32,42,7),(33,43,7),(34,44,7),(35,45,10),(36,46,8),(37,47,8),(38,48,8),(39,49,8),(40,51,8),(41,53,6),(42,54,6),(43,55,6),(44,56,6),(45,57,6),(46,58,6),(47,59,6),(48,60,6),(49,61,6),(50,62,6),(51,63,6);
/*!40000 ALTER TABLE `category_product` ENABLE KEYS */;
UNLOCK TABLES;

--
-- Table structure for table `clients`
--

DROP TABLE IF EXISTS `clients`;
/*!40101 SET @saved_cs_client     = @@character_set_client */;
/*!40101 SET character_set_client = utf8 */;
CREATE TABLE `clients` (
  `id` int(10) unsigned NOT NULL AUTO_INCREMENT,
  `order` int(10) unsigned NOT NULL DEFAULT '0',
  `title` varchar(191) COLLATE utf8mb4_unicode_ci NOT NULL,
  `image` varchar(191) COLLATE utf8mb4_unicode_ci DEFAULT NULL,
  `created_at` timestamp NULL DEFAULT NULL,
  `updated_at` timestamp NULL DEFAULT NULL,
  `deleted_at` timestamp NULL DEFAULT NULL,
  PRIMARY KEY (`id`)
) ENGINE=InnoDB DEFAULT CHARSET=utf8mb4 COLLATE=utf8mb4_unicode_ci;
/*!40101 SET character_set_client = @saved_cs_client */;

--
-- Dumping data for table `clients`
--

LOCK TABLES `clients` WRITE;
/*!40000 ALTER TABLE `clients` DISABLE KEYS */;
/*!40000 ALTER TABLE `clients` ENABLE KEYS */;
UNLOCK TABLES;

--
-- Table structure for table `contact_attempts`
--

DROP TABLE IF EXISTS `contact_attempts`;
/*!40101 SET @saved_cs_client     = @@character_set_client */;
/*!40101 SET character_set_client = utf8 */;
CREATE TABLE `contact_attempts` (
  `id` int(10) unsigned NOT NULL AUTO_INCREMENT,
  `name` varchar(191) COLLATE utf8mb4_unicode_ci NOT NULL,
  `email` varchar(191) COLLATE utf8mb4_unicode_ci NOT NULL,
  `phone` varchar(191) COLLATE utf8mb4_unicode_ci NOT NULL,
  `message` longtext COLLATE utf8mb4_unicode_ci,
  `created_at` timestamp NULL DEFAULT NULL,
  `updated_at` timestamp NULL DEFAULT NULL,
  PRIMARY KEY (`id`)
) ENGINE=InnoDB AUTO_INCREMENT=4 DEFAULT CHARSET=utf8mb4 COLLATE=utf8mb4_unicode_ci;
/*!40101 SET character_set_client = @saved_cs_client */;

--
-- Dumping data for table `contact_attempts`
--

LOCK TABLES `contact_attempts` WRITE;
/*!40000 ALTER TABLE `contact_attempts` DISABLE KEYS */;
INSERT INTO `contact_attempts` VALUES (1,'Test','test@example.com','+123456789','This is a test!','2018-11-10 23:18:34','2018-11-10 23:18:34'),(2,'Joseph Laliani','joseph@globalvision.name','8728884411','test','2018-11-11 09:12:55','2018-11-11 09:12:55'),(3,'test2','josep@test.com','8888888888','test2','2018-11-11 09:18:12','2018-11-11 09:18:12');
/*!40000 ALTER TABLE `contact_attempts` ENABLE KEYS */;
UNLOCK TABLES;

--
-- Table structure for table `data_rows`
--

DROP TABLE IF EXISTS `data_rows`;
/*!40101 SET @saved_cs_client     = @@character_set_client */;
/*!40101 SET character_set_client = utf8 */;
CREATE TABLE `data_rows` (
  `id` int(10) unsigned NOT NULL AUTO_INCREMENT,
  `data_type_id` int(10) unsigned NOT NULL,
  `field` varchar(191) COLLATE utf8mb4_unicode_ci NOT NULL,
  `type` varchar(191) COLLATE utf8mb4_unicode_ci NOT NULL,
  `display_name` varchar(191) COLLATE utf8mb4_unicode_ci NOT NULL,
  `required` tinyint(1) NOT NULL DEFAULT '0',
  `browse` tinyint(1) NOT NULL DEFAULT '1',
  `read` tinyint(1) NOT NULL DEFAULT '1',
  `edit` tinyint(1) NOT NULL DEFAULT '1',
  `add` tinyint(1) NOT NULL DEFAULT '1',
  `delete` tinyint(1) NOT NULL DEFAULT '1',
  `details` text COLLATE utf8mb4_unicode_ci,
  `order` int(11) NOT NULL DEFAULT '1',
  PRIMARY KEY (`id`),
  KEY `data_rows_data_type_id_foreign` (`data_type_id`),
  CONSTRAINT `data_rows_data_type_id_foreign` FOREIGN KEY (`data_type_id`) REFERENCES `data_types` (`id`) ON DELETE CASCADE ON UPDATE CASCADE
) ENGINE=InnoDB AUTO_INCREMENT=159 DEFAULT CHARSET=utf8mb4 COLLATE=utf8mb4_unicode_ci;
/*!40101 SET character_set_client = @saved_cs_client */;

--
-- Dumping data for table `data_rows`
--

LOCK TABLES `data_rows` WRITE;
/*!40000 ALTER TABLE `data_rows` DISABLE KEYS */;
INSERT INTO `data_rows` VALUES (1,1,'id','number','ID',1,0,0,0,0,0,NULL,1),(2,1,'name','text','Name',1,1,1,1,1,1,NULL,2),(3,1,'email','text','Email',1,1,1,1,1,1,NULL,3),(4,1,'password','password','Password',1,0,0,1,1,0,NULL,4),(5,1,'remember_token','text','Remember Token',0,0,0,0,0,0,NULL,5),(6,1,'created_at','timestamp','Created At',0,1,1,0,0,0,NULL,6),(7,1,'updated_at','timestamp','Updated At',0,0,0,0,0,0,NULL,7),(8,1,'avatar','image','Avatar',0,1,1,1,1,1,NULL,8),(9,1,'user_belongsto_role_relationship','relationship','Role',0,1,1,1,1,0,'{\"model\":\"TCG\\\\Voyager\\\\Models\\\\Role\",\"table\":\"roles\",\"type\":\"belongsTo\",\"column\":\"role_id\",\"key\":\"id\",\"label\":\"display_name\",\"pivot_table\":\"roles\",\"pivot\":0}',10),(10,1,'user_belongstomany_role_relationship','relationship','Roles',0,1,1,1,1,0,'{\"model\":\"TCG\\\\Voyager\\\\Models\\\\Role\",\"table\":\"roles\",\"type\":\"belongsToMany\",\"column\":\"id\",\"key\":\"id\",\"label\":\"display_name\",\"pivot_table\":\"user_roles\",\"pivot\":\"1\",\"taggable\":\"0\"}',11),(11,1,'locale','text','Locale',0,1,1,1,1,0,NULL,12),(12,1,'settings','hidden','Settings',0,0,0,0,0,0,NULL,12),(13,2,'id','number','ID',1,0,0,0,0,0,NULL,1),(14,2,'name','text','Name',1,1,1,1,1,1,NULL,2),(15,2,'created_at','timestamp','Created At',0,0,0,0,0,0,NULL,3),(16,2,'updated_at','timestamp','Updated At',0,0,0,0,0,0,NULL,4),(17,3,'id','number','ID',1,0,0,0,0,0,NULL,1),(18,3,'name','text','Name',1,1,1,1,1,1,NULL,2),(19,3,'created_at','timestamp','Created At',0,0,0,0,0,0,NULL,3),(20,3,'updated_at','timestamp','Updated At',0,0,0,0,0,0,NULL,4),(21,3,'display_name','text','Display Name',1,1,1,1,1,1,NULL,5),(22,1,'role_id','text','Role',1,1,1,1,1,1,NULL,9),(23,4,'id','text','Id',1,0,0,0,0,0,'{}',1),(24,4,'order','text','Order',1,1,0,0,0,0,'{}',2),(25,4,'name','text','Name',1,1,1,1,1,1,'{}',3),(26,5,'id','text','Id',1,0,0,0,0,0,'{}',1),(27,5,'order','text','#',1,1,0,0,0,0,'{}',2),(28,5,'title','text','Title',1,1,1,1,1,1,'{}',4),(29,5,'seo_title','text','Seo Title',0,0,1,1,1,1,'{}',6),(30,5,'excerpt','text_area','Excerpt',0,0,1,1,1,1,'{}',8),(31,5,'description','rich_text_box','Description',0,0,1,1,1,1,'{}',9),(32,5,'image','image','Image',0,1,1,1,1,1,'{}',3),(33,5,'slug','text','Slug',1,0,1,1,1,1,'{\"slugify\":{\"origin\":\"title\"},\"validation\":{\"rule\":\"unique:products,slug\"}}',5),(34,5,'meta_description','text_area','Meta Description',0,0,1,1,1,1,'{}',17),(35,5,'meta_keywords','text_area','Meta Keywords',0,0,1,1,1,1,'{}',16),(36,5,'created_at','timestamp','Created At',0,0,0,0,0,0,'{}',19),(37,5,'updated_at','timestamp','Updated At',0,0,0,0,0,0,'{}',18),(38,5,'product_hasmany_packaging_relationship','relationship','Packagings',0,0,1,1,1,1,'{\"model\":\"App\\\\Packaging\",\"table\":\"packagings\",\"type\":\"belongsToMany\",\"column\":\"id\",\"key\":\"id\",\"label\":\"name\",\"pivot_table\":\"packaging_product\",\"pivot\":\"1\",\"taggable\":\"0\"}',21),(39,4,'created_at','timestamp','Created At',0,0,0,0,0,0,'{}',4),(40,4,'updated_at','timestamp','Updated At',0,0,0,0,0,0,'{}',5),(41,4,'packaging_belongstomany_packaging_relationship','relationship','Products',0,1,1,1,1,1,'{\"model\":\"App\\\\Product\",\"table\":\"products\",\"type\":\"belongsToMany\",\"column\":\"id\",\"key\":\"id\",\"label\":\"title\",\"pivot_table\":\"packaging_product\",\"pivot\":\"1\",\"taggable\":\"0\"}',6),(42,5,'product_id','text','Product Id',0,0,1,1,1,1,'{}',7),(43,5,'images','multiple_images','Images',0,0,1,1,1,1,'{}',10),(44,5,'files','file','Documentations Files',0,0,1,1,1,1,'{}',11),(45,6,'id','text','Id',1,0,0,0,0,0,'{}',1),(46,6,'order','text','Order',1,0,0,0,0,0,'{}',2),(47,6,'title','text','Title',1,1,1,1,1,1,'{}',3),(48,6,'seo_title','text','Seo Title',0,1,1,1,1,1,'{}',5),(49,6,'excerpt','text_area','Excerpt',0,1,1,1,1,1,'{}',6),(50,6,'body','rich_text_box','Body',0,1,1,1,1,1,'{}',7),(51,6,'image','image','Image',0,1,1,1,1,1,'{}',8),(52,6,'slug','text','Slug',1,1,1,1,1,1,'{\"slugify\":{\"origin\":\"title\"},\"validation\":{\"rule\":\"unique:products,slug\"}}',4),(53,6,'meta_description','text','Meta Description',0,1,1,1,1,1,'{}',9),(54,6,'meta_keywords','text','Meta Keywords',0,1,1,1,1,1,'{}',10),(55,6,'created_at','timestamp','Created At',0,0,0,0,0,0,'{}',11),(56,6,'updated_at','timestamp','Updated At',0,0,0,0,0,0,'{}',12),(57,6,'deleted_at','timestamp','Deleted At',0,0,0,0,0,0,'{}',13),(58,7,'id','text','Id',1,0,0,0,0,0,'{}',1),(59,7,'order','text','#',1,1,0,0,0,0,'{}',2),(60,7,'title','text','Title',1,1,1,1,1,1,'{}',3),(61,7,'seo_title','text','Seo Title',0,0,1,1,1,1,'{}',5),(62,7,'excerpt','text_area','Excerpt',0,0,1,1,1,1,'{}',7),(63,7,'body','rich_text_box','Body',0,0,1,1,1,1,'{}',8),(64,7,'image','image','Image',0,0,1,1,1,1,'{}',6),(65,7,'slug','text','Slug',1,0,1,1,1,1,'{\"slugify\":{\"origin\":\"title\"},\"validation\":{\"rule\":\"unique:articles,slug\"}}',4),(66,7,'meta_description','text_area','Meta Description',0,1,1,1,1,1,'{}',9),(67,7,'meta_keywords','text_area','Meta Keywords',0,1,1,1,1,1,'{}',10),(68,7,'created_at','timestamp','Created At',0,0,0,0,0,0,'{}',11),(69,7,'updated_at','timestamp','Updated At',0,0,0,0,0,0,'{}',12),(70,7,'deleted_at','timestamp','Deleted At',0,0,0,0,0,0,'{}',13),(71,7,'images','multiple_images','Images',0,1,1,1,1,1,'{}',8),(72,8,'id','text','Id',1,0,0,0,0,0,'{}',1),(73,8,'order','text','#',1,1,0,0,0,0,'{}',2),(74,8,'question','text','Question',1,1,1,1,1,1,'{}',3),(75,8,'answer','rich_text_box','Answer',0,1,1,1,1,1,'{}',4),(76,8,'created_at','timestamp','Created At',0,0,0,0,0,0,'{}',5),(77,8,'updated_at','timestamp','Updated At',0,0,0,0,0,0,'{}',6),(78,8,'deleted_at','timestamp','Deleted At',0,0,0,0,0,0,'{}',7),(79,9,'id','text','Id',1,0,0,0,0,0,'{}',1),(80,9,'order','text','#',1,1,0,0,0,0,'{}',2),(81,9,'title','text','Title',1,1,1,1,1,1,'{}',3),(82,9,'image','image','Image',0,1,1,1,1,1,'{}',4),(83,9,'created_at','timestamp','Created At',0,0,0,0,0,0,'{}',5),(84,9,'updated_at','timestamp','Updated At',0,0,0,0,0,0,'{}',6),(85,9,'deleted_at','timestamp','Deleted At',0,0,0,0,0,0,'{}',7),(86,10,'id','text','Id',1,0,0,0,0,0,'{}',1),(87,10,'order','text','#',1,1,0,0,0,0,'{}',2),(88,10,'title','text','Title',1,1,1,1,1,1,'{}',3),(89,10,'body','rich_text_box','Body',0,0,0,0,0,0,'{}',4),(90,10,'image','image','Image',0,1,1,1,1,1,'{}',5),(91,10,'created_at','timestamp','Created At',0,0,0,0,0,0,'{}',6),(92,10,'updated_at','timestamp','Updated At',0,0,0,0,0,0,'{}',7),(93,10,'deleted_at','timestamp','Deleted At',0,0,0,0,0,0,'{}',8),(101,12,'id','text','Id',1,0,0,0,0,0,'{}',1),(102,12,'order','text','#',1,1,0,0,0,0,'{}',2),(103,12,'title','text','Title',1,1,1,1,1,1,'{}',3),(104,12,'image','image','Image',0,1,1,1,1,1,'{}',4),(105,12,'created_at','timestamp','Created At',0,0,0,0,0,0,'{}',5),(106,12,'updated_at','timestamp','Updated At',0,0,0,0,0,0,'{}',6),(107,12,'deleted_at','timestamp','Deleted At',0,0,0,0,0,0,'{}',7),(108,13,'id','text','Id',1,0,0,0,0,0,'{}',1),(109,13,'order','text','#',1,1,0,0,0,0,'{}',2),(110,13,'title','text','Title',1,1,1,1,1,1,'{}',3),(111,13,'link','text','Link',0,0,1,1,1,1,'{}',4),(112,13,'image','image','Image',0,1,1,1,1,1,'{}',5),(113,13,'created_at','timestamp','Created At',0,0,0,0,0,0,'{}',6),(114,13,'updated_at','timestamp','Updated At',0,0,0,0,0,0,'{}',7),(115,13,'deleted_at','timestamp','Deleted At',0,0,0,0,0,0,'{}',8),(116,5,'deleted_at','timestamp','Deleted At',0,0,0,0,0,0,'{}',20),(117,5,'top_seller','checkbox','Top Seller',1,1,1,1,1,1,'{\"on\":\"Yes\",\"off\":\"No\",\"checked\":\"false\"}',13),(118,5,'latest_items','checkbox','Latest Items',1,1,1,1,1,1,'{\"on\":\"Yes\",\"off\":\"No\",\"checked\":\"false\"}',14),(119,5,'popular_products','checkbox','Popular Products',1,1,1,1,1,1,'{\"on\":\"Yes\",\"off\":\"No\",\"checked\":\"false\"}',15),(120,5,'latest_solution','checkbox','Latest Solution',1,1,1,1,1,1,'{\"on\":\"Yes\",\"off\":\"No\",\"checked\":\"false\"}',12),(121,14,'id','text','Id',1,0,0,0,0,0,'{}',1),(122,14,'order','text','#',1,1,0,0,0,0,'{}',2),(123,14,'title','text','Title',1,1,1,1,1,1,'{}',3),(124,14,'seo_title','text','Seo Title',0,0,1,1,1,1,'{}',4),(125,14,'body','rich_text_box','Body',0,0,1,1,1,1,'{}',5),(126,14,'slug','text','Slug',1,0,1,1,1,1,'{\"slugify\":{\"origin\":\"title\"},\"validation\":{\"rule\":\"unique:categories,slug\"}}',6),(127,14,'meta_description','text_area','Meta Description',0,0,1,1,1,1,'{}',7),(128,14,'meta_keywords','text_area','Meta Keywords',0,0,1,1,1,1,'{}',8),(129,14,'created_at','timestamp','Created At',0,0,0,0,0,0,'{}',9),(130,14,'updated_at','timestamp','Updated At',0,0,0,0,0,0,'{}',10),(131,14,'deleted_at','timestamp','Deleted At',0,0,0,0,0,0,'{}',11),(132,14,'category_belongstomany_product_relationship','relationship','Products',0,0,1,1,1,1,'{\"model\":\"App\\\\Product\",\"table\":\"products\",\"type\":\"belongsToMany\",\"column\":\"id\",\"key\":\"id\",\"label\":\"title\",\"pivot_table\":\"category_product\",\"pivot\":\"1\",\"taggable\":\"0\"}',12),(133,5,'product_belongstomany_category_relationship','relationship','Categories',0,0,1,1,1,1,'{\"model\":\"App\\\\Category\",\"table\":\"categories\",\"type\":\"belongsToMany\",\"column\":\"id\",\"key\":\"id\",\"label\":\"title\",\"pivot_table\":\"category_product\",\"pivot\":\"1\",\"taggable\":\"0\"}',22),(134,15,'id','text','Id',1,0,0,0,0,0,'{}',1),(135,15,'name','text','Name',1,1,1,1,1,1,'{}',2),(136,15,'email','text','Email',1,1,1,1,1,1,'{}',3),(137,15,'phone','text','Phone',1,0,1,1,1,1,'{}',4),(138,15,'message','text_area','Message',0,0,1,1,1,1,'{}',5),(139,15,'created_at','timestamp','Sent At',0,1,1,1,0,1,'{}',6),(140,15,'updated_at','timestamp','Updated At',0,0,0,0,0,0,'{}',7),(141,16,'id','text','Id',1,0,0,0,0,0,'{}',1),(142,16,'email','text','Email',1,1,1,1,1,1,'{}',2),(143,16,'created_at','timestamp','Subscribed At',0,1,1,1,0,1,'{}',3),(144,16,'updated_at','timestamp','Updated At',0,0,0,0,0,0,'{}',4),(145,5,'comparison_criteria','text_area','Comparison Criteria',0,0,1,1,1,1,'{}',32),(146,5,'comparison_1_enabled','checkbox','Comparison 1 Enabled',0,0,1,1,1,1,'{}',23),(147,5,'comparison_2_enabled','checkbox','Comparison 2 Enabled',0,0,1,1,1,1,'{}',24),(148,5,'comparison_3_enabled','checkbox','Comparison 3 Enabled',0,0,1,1,1,1,'{}',25),(149,5,'comparison_1_image','image','Comparison 1 Image',0,0,1,1,1,1,'{}',26),(150,5,'comparison_2_image','image','Comparison 2 Image',0,0,1,1,1,1,'{}',27),(151,5,'comparison_3_image','image','Comparison 3 Image',0,0,1,1,1,1,'{}',28),(152,5,'comparison_1_title','text','Comparison 1 Title',0,0,1,1,1,1,'{}',29),(153,5,'comparison_2_title','text','Comparison 2 Title',0,0,1,1,1,1,'{}',30),(154,5,'comparison_3_title','text','Comparison 3 Title',0,0,1,1,1,1,'{}',31),(155,5,'comparison_0_values','text_area','Comparison 0 Values',0,0,1,1,1,1,'{}',33),(156,5,'comparison_1_values','text_area','Comparison 1 Values',0,0,1,1,1,1,'{}',34),(157,5,'comparison_2_values','text_area','Comparison 2 Values',0,0,1,1,1,1,'{}',35),(158,5,'comparison_3_values','text_area','Comparison 3 Values',0,0,1,1,1,1,'{}',36);
/*!40000 ALTER TABLE `data_rows` ENABLE KEYS */;
UNLOCK TABLES;

--
-- Table structure for table `data_types`
--

DROP TABLE IF EXISTS `data_types`;
/*!40101 SET @saved_cs_client     = @@character_set_client */;
/*!40101 SET character_set_client = utf8 */;
CREATE TABLE `data_types` (
  `id` int(10) unsigned NOT NULL AUTO_INCREMENT,
  `name` varchar(191) COLLATE utf8mb4_unicode_ci NOT NULL,
  `slug` varchar(191) COLLATE utf8mb4_unicode_ci NOT NULL,
  `display_name_singular` varchar(191) COLLATE utf8mb4_unicode_ci NOT NULL,
  `display_name_plural` varchar(191) COLLATE utf8mb4_unicode_ci NOT NULL,
  `icon` varchar(191) COLLATE utf8mb4_unicode_ci DEFAULT NULL,
  `model_name` varchar(191) COLLATE utf8mb4_unicode_ci DEFAULT NULL,
  `policy_name` varchar(191) COLLATE utf8mb4_unicode_ci DEFAULT NULL,
  `controller` varchar(191) COLLATE utf8mb4_unicode_ci DEFAULT NULL,
  `description` varchar(191) COLLATE utf8mb4_unicode_ci DEFAULT NULL,
  `generate_permissions` tinyint(1) NOT NULL DEFAULT '0',
  `server_side` tinyint(4) NOT NULL DEFAULT '0',
  `details` text COLLATE utf8mb4_unicode_ci,
  `created_at` timestamp NULL DEFAULT NULL,
  `updated_at` timestamp NULL DEFAULT NULL,
  PRIMARY KEY (`id`),
  UNIQUE KEY `data_types_name_unique` (`name`),
  UNIQUE KEY `data_types_slug_unique` (`slug`)
) ENGINE=InnoDB AUTO_INCREMENT=17 DEFAULT CHARSET=utf8mb4 COLLATE=utf8mb4_unicode_ci;
/*!40101 SET character_set_client = @saved_cs_client */;

--
-- Dumping data for table `data_types`
--

LOCK TABLES `data_types` WRITE;
/*!40000 ALTER TABLE `data_types` DISABLE KEYS */;
INSERT INTO `data_types` VALUES (1,'users','users','User','Users','voyager-person','TCG\\Voyager\\Models\\User','TCG\\Voyager\\Policies\\UserPolicy','','',1,0,NULL,'2018-10-27 16:28:22','2018-10-27 16:28:22'),(2,'menus','menus','Menu','Menus','voyager-list','TCG\\Voyager\\Models\\Menu',NULL,'','',1,0,NULL,'2018-10-27 16:28:22','2018-10-27 16:28:22'),(3,'roles','roles','Role','Roles','voyager-lock','TCG\\Voyager\\Models\\Role',NULL,'','',1,0,NULL,'2018-10-27 16:28:22','2018-10-27 16:28:22'),(4,'packagings','packagings','Packaging','Packagings',NULL,'App\\Packaging',NULL,NULL,NULL,1,0,'{\"order_column\":\"order\",\"order_display_column\":\"name\"}','2018-10-27 18:33:58','2018-10-27 19:01:48'),(5,'products','products','Product','Products','voyager-bag','App\\Product',NULL,NULL,NULL,1,0,'{\"order_column\":\"order\",\"order_display_column\":\"title\"}','2018-10-27 18:35:38','2018-11-19 23:58:13'),(6,'pages','pages','Page','Pages','voyager-file-text','App\\Page',NULL,NULL,NULL,1,0,'{\"order_column\":null,\"order_display_column\":null}','2018-10-27 20:05:41','2018-10-27 20:05:41'),(7,'articles','articles','Article','Articles','voyager-file','App\\Article',NULL,NULL,NULL,1,0,'{\"order_column\":\"order\",\"order_display_column\":\"title\"}','2018-10-27 20:19:49','2018-10-28 15:27:24'),(8,'faqs','faqs','Faq','Faqs',NULL,'App\\Faq',NULL,NULL,NULL,1,0,'{\"order_column\":null,\"order_display_column\":null}','2018-10-27 20:23:16','2018-10-27 20:23:16'),(9,'banners','banners','Banner','Banners','voyager-photo','App\\Banner',NULL,NULL,NULL,1,0,'{\"order_column\":\"order\",\"order_display_column\":\"title\"}','2018-10-28 13:43:40','2018-10-28 13:43:40'),(10,'sliders','sliders','Slider','Sliders','voyager-photos','App\\Slider',NULL,NULL,NULL,1,0,'{\"order_column\":\"order\",\"order_display_column\":\"title\"}','2018-10-28 13:45:41','2018-11-01 18:15:49'),(12,'clients','clients','Client','Clients','voyager-company','App\\Client',NULL,NULL,NULL,1,0,'{\"order_column\":\"order\",\"order_display_column\":\"title\"}','2018-10-28 14:52:31','2018-10-28 14:52:31'),(13,'homepage_videos','homepage-videos','Homepage Video','Homepage Videos','voyager-youtube-play','App\\HomepageVideo',NULL,NULL,NULL,1,0,'{\"order_column\":\"order\",\"order_display_column\":\"title\"}','2018-10-28 15:25:53','2018-10-28 15:25:53'),(14,'categories','categories','Category','Categories','voyager-folder','App\\Category',NULL,NULL,NULL,1,0,'{\"order_column\":\"order\",\"order_display_column\":\"title\"}','2018-11-01 16:26:20','2018-11-01 16:28:44'),(15,'contact_attempts','contact-attempts','Contact Attempt','Contact Attempts','voyager-mail','App\\ContactAttempt',NULL,NULL,NULL,1,0,'{\"order_column\":null,\"order_display_column\":null}','2018-11-10 23:21:30','2018-11-10 23:23:44'),(16,'subscriptions','subscriptions','Subscription','Subscriptions','voyager-paper-plane','App\\Subscription',NULL,NULL,NULL,1,0,'{\"order_column\":null,\"order_display_column\":null}','2018-11-10 23:32:43','2018-11-10 23:32:43');
/*!40000 ALTER TABLE `data_types` ENABLE KEYS */;
UNLOCK TABLES;

--
-- Table structure for table `faqs`
--

DROP TABLE IF EXISTS `faqs`;
/*!40101 SET @saved_cs_client     = @@character_set_client */;
/*!40101 SET character_set_client = utf8 */;
CREATE TABLE `faqs` (
  `id` int(10) unsigned NOT NULL AUTO_INCREMENT,
  `order` int(10) unsigned NOT NULL DEFAULT '0',
  `question` varchar(191) COLLATE utf8mb4_unicode_ci NOT NULL,
  `answer` text COLLATE utf8mb4_unicode_ci,
  `created_at` timestamp NULL DEFAULT NULL,
  `updated_at` timestamp NULL DEFAULT NULL,
  `deleted_at` timestamp NULL DEFAULT NULL,
  PRIMARY KEY (`id`)
) ENGINE=InnoDB DEFAULT CHARSET=utf8mb4 COLLATE=utf8mb4_unicode_ci;
/*!40101 SET character_set_client = @saved_cs_client */;

--
-- Dumping data for table `faqs`
--

LOCK TABLES `faqs` WRITE;
/*!40000 ALTER TABLE `faqs` DISABLE KEYS */;
/*!40000 ALTER TABLE `faqs` ENABLE KEYS */;
UNLOCK TABLES;

--
-- Table structure for table `homepage_videos`
--

DROP TABLE IF EXISTS `homepage_videos`;
/*!40101 SET @saved_cs_client     = @@character_set_client */;
/*!40101 SET character_set_client = utf8 */;
CREATE TABLE `homepage_videos` (
  `id` int(10) unsigned NOT NULL AUTO_INCREMENT,
  `order` int(10) unsigned NOT NULL DEFAULT '0',
  `title` varchar(191) COLLATE utf8mb4_unicode_ci NOT NULL,
  `link` varchar(191) COLLATE utf8mb4_unicode_ci DEFAULT NULL,
  `image` varchar(191) COLLATE utf8mb4_unicode_ci DEFAULT NULL,
  `created_at` timestamp NULL DEFAULT NULL,
  `updated_at` timestamp NULL DEFAULT NULL,
  `deleted_at` timestamp NULL DEFAULT NULL,
  PRIMARY KEY (`id`)
) ENGINE=InnoDB AUTO_INCREMENT=3 DEFAULT CHARSET=utf8mb4 COLLATE=utf8mb4_unicode_ci;
/*!40101 SET character_set_client = @saved_cs_client */;

--
-- Dumping data for table `homepage_videos`
--

LOCK TABLES `homepage_videos` WRITE;
/*!40000 ALTER TABLE `homepage_videos` DISABLE KEYS */;
INSERT INTO `homepage_videos` VALUES (1,0,'Everest motor oil. Protect the engine. Increase the life of a vehicle.','https://www.youtube.com/watch?v=TGhZILduRWQ','homepage-videos/October2018/8SCvOkhNcI87lLe2MQ5l.jpg','2018-10-28 15:31:21','2018-10-31 01:02:10',NULL),(2,0,'EVEREST HEAVY-DUTY DIESEL ENGINE OIL','https://www.youtube.com/watch?v=EujCK1DMRyk','homepage-videos/October2018/qb1Z5DeQejmtABbB6lk4.jpg','2018-10-28 15:32:11','2018-10-31 01:02:02',NULL);
/*!40000 ALTER TABLE `homepage_videos` ENABLE KEYS */;
UNLOCK TABLES;

--
-- Table structure for table `menu_items`
--

DROP TABLE IF EXISTS `menu_items`;
/*!40101 SET @saved_cs_client     = @@character_set_client */;
/*!40101 SET character_set_client = utf8 */;
CREATE TABLE `menu_items` (
  `id` int(10) unsigned NOT NULL AUTO_INCREMENT,
  `menu_id` int(10) unsigned DEFAULT NULL,
  `title` varchar(191) COLLATE utf8mb4_unicode_ci NOT NULL,
  `url` varchar(191) COLLATE utf8mb4_unicode_ci NOT NULL,
  `target` varchar(191) COLLATE utf8mb4_unicode_ci NOT NULL DEFAULT '_self',
  `icon_class` varchar(191) COLLATE utf8mb4_unicode_ci DEFAULT NULL,
  `color` varchar(191) COLLATE utf8mb4_unicode_ci DEFAULT NULL,
  `parent_id` int(11) DEFAULT NULL,
  `order` int(11) NOT NULL,
  `created_at` timestamp NULL DEFAULT NULL,
  `updated_at` timestamp NULL DEFAULT NULL,
  `route` varchar(191) COLLATE utf8mb4_unicode_ci DEFAULT NULL,
  `parameters` text COLLATE utf8mb4_unicode_ci,
  PRIMARY KEY (`id`),
  KEY `menu_items_menu_id_foreign` (`menu_id`),
  CONSTRAINT `menu_items_menu_id_foreign` FOREIGN KEY (`menu_id`) REFERENCES `menus` (`id`) ON DELETE CASCADE
) ENGINE=InnoDB AUTO_INCREMENT=25 DEFAULT CHARSET=utf8mb4 COLLATE=utf8mb4_unicode_ci;
/*!40101 SET character_set_client = @saved_cs_client */;

--
-- Dumping data for table `menu_items`
--

LOCK TABLES `menu_items` WRITE;
/*!40000 ALTER TABLE `menu_items` DISABLE KEYS */;
INSERT INTO `menu_items` VALUES (1,1,'Dashboard','','_self','voyager-boat',NULL,NULL,1,'2018-10-27 16:28:23','2018-10-27 16:28:23','voyager.dashboard',NULL),(2,1,'Media','','_self','voyager-images',NULL,NULL,4,'2018-10-27 16:28:23','2018-10-27 19:09:50','voyager.media.index',NULL),(3,1,'Users','','_self','voyager-person',NULL,NULL,3,'2018-10-27 16:28:23','2018-10-27 16:28:23','voyager.users.index',NULL),(4,1,'Roles','','_self','voyager-lock',NULL,NULL,2,'2018-10-27 16:28:23','2018-10-27 16:28:23','voyager.roles.index',NULL),(5,1,'Tools','','_self','voyager-tools',NULL,NULL,5,'2018-10-27 16:28:23','2018-10-27 19:09:50',NULL,NULL),(6,1,'Menu Builder','','_self','voyager-list',NULL,5,1,'2018-10-27 16:28:23','2018-10-27 19:09:50','voyager.menus.index',NULL),(7,1,'Database','','_self','voyager-data',NULL,5,2,'2018-10-27 16:28:23','2018-10-27 19:09:50','voyager.database.index',NULL),(8,1,'Compass','','_self','voyager-compass',NULL,5,3,'2018-10-27 16:28:23','2018-10-27 19:09:50','voyager.compass.index',NULL),(9,1,'BREAD','','_self','voyager-bread',NULL,5,4,'2018-10-27 16:28:23','2018-10-27 19:09:50','voyager.bread.index',NULL),(10,1,'Settings','','_self','voyager-settings',NULL,NULL,6,'2018-10-27 16:28:23','2018-10-27 19:09:50','voyager.settings.index',NULL),(11,1,'Hooks','','_self','voyager-hook',NULL,5,5,'2018-10-27 16:28:23','2018-10-27 19:09:50','voyager.hooks',NULL),(12,1,'Packagings','','_self','voyager-gift','#000000',21,3,'2018-10-27 18:33:58','2018-11-01 16:29:03','voyager.packagings.index','null'),(13,1,'Products','','_self','voyager-bag','#000000',21,1,'2018-10-27 18:35:38','2018-10-30 15:16:18','voyager.products.index','null'),(14,1,'Pages','','_self','voyager-file-text',NULL,NULL,7,'2018-10-27 20:05:41','2018-10-30 15:16:40','voyager.pages.index',NULL),(15,1,'Blog','','_self','voyager-file-text','#000000',NULL,12,'2018-10-27 20:19:49','2018-11-19 23:34:14','voyager.articles.index','null'),(16,1,'Faqs','','_self','voyager-question','#000000',NULL,14,'2018-10-27 20:23:16','2018-10-30 15:16:32','voyager.faqs.index','null'),(17,1,'Banners','','_self','voyager-photo',NULL,NULL,11,'2018-10-28 13:43:41','2018-10-30 15:17:28','voyager.banners.index',NULL),(18,1,'Sliders','','_self','voyager-photos',NULL,NULL,9,'2018-10-28 13:45:41','2018-10-30 15:17:28','voyager.sliders.index',NULL),(19,1,'Clients','','_self','voyager-company','#000000',NULL,13,'2018-10-28 14:27:02','2018-10-30 15:16:40','voyager.clients.index','null'),(20,1,'Homepage Videos','','_self','voyager-youtube-play',NULL,NULL,10,'2018-10-28 15:25:53','2018-10-30 15:17:28','voyager.homepage-videos.index',NULL),(21,1,'Products Catalog','','_self','voyager-bag','#000000',NULL,8,'2018-10-30 15:16:13','2018-10-30 15:17:28',NULL,''),(22,1,'Categories','','_self','voyager-folder','#000000',21,2,'2018-11-01 16:26:20','2018-11-01 16:29:03','voyager.categories.index','null'),(23,1,'Contact Attempts','','_self','voyager-mail',NULL,NULL,15,'2018-11-10 23:21:30','2018-11-10 23:21:30','voyager.contact-attempts.index',NULL),(24,1,'Subscriptions','','_self','voyager-paper-plane',NULL,NULL,16,'2018-11-10 23:32:44','2018-11-10 23:32:44','voyager.subscriptions.index',NULL);
/*!40000 ALTER TABLE `menu_items` ENABLE KEYS */;
UNLOCK TABLES;

--
-- Table structure for table `menus`
--

DROP TABLE IF EXISTS `menus`;
/*!40101 SET @saved_cs_client     = @@character_set_client */;
/*!40101 SET character_set_client = utf8 */;
CREATE TABLE `menus` (
  `id` int(10) unsigned NOT NULL AUTO_INCREMENT,
  `name` varchar(191) COLLATE utf8mb4_unicode_ci NOT NULL,
  `created_at` timestamp NULL DEFAULT NULL,
  `updated_at` timestamp NULL DEFAULT NULL,
  PRIMARY KEY (`id`),
  UNIQUE KEY `menus_name_unique` (`name`)
) ENGINE=InnoDB AUTO_INCREMENT=2 DEFAULT CHARSET=utf8mb4 COLLATE=utf8mb4_unicode_ci;
/*!40101 SET character_set_client = @saved_cs_client */;

--
-- Dumping data for table `menus`
--

LOCK TABLES `menus` WRITE;
/*!40000 ALTER TABLE `menus` DISABLE KEYS */;
INSERT INTO `menus` VALUES (1,'admin','2018-10-27 16:28:23','2018-10-27 16:28:23');
/*!40000 ALTER TABLE `menus` ENABLE KEYS */;
UNLOCK TABLES;

--
-- Table structure for table `migrations`
--

DROP TABLE IF EXISTS `migrations`;
/*!40101 SET @saved_cs_client     = @@character_set_client */;
/*!40101 SET character_set_client = utf8 */;
CREATE TABLE `migrations` (
  `id` int(10) unsigned NOT NULL AUTO_INCREMENT,
  `migration` varchar(191) COLLATE utf8mb4_unicode_ci NOT NULL,
  `batch` int(11) NOT NULL,
  PRIMARY KEY (`id`)
) ENGINE=InnoDB AUTO_INCREMENT=67 DEFAULT CHARSET=utf8mb4 COLLATE=utf8mb4_unicode_ci;
/*!40101 SET character_set_client = @saved_cs_client */;

--
-- Dumping data for table `migrations`
--

LOCK TABLES `migrations` WRITE;
/*!40000 ALTER TABLE `migrations` DISABLE KEYS */;
INSERT INTO `migrations` VALUES (1,'2014_10_12_000000_create_users_table',1),(2,'2014_10_12_100000_create_password_resets_table',1),(3,'2016_01_01_000000_add_voyager_user_fields',1),(4,'2016_01_01_000000_create_data_types_table',1),(5,'2016_05_19_173453_create_menu_table',1),(6,'2016_10_21_190000_create_roles_table',1),(7,'2016_10_21_190000_create_settings_table',1),(8,'2016_11_30_135954_create_permission_table',1),(9,'2016_11_30_141208_create_permission_role_table',1),(10,'2016_12_26_201236_data_types__add__server_side',1),(11,'2017_01_13_000000_add_route_to_menu_items_table',1),(12,'2017_01_14_005015_create_translations_table',1),(13,'2017_01_15_000000_make_table_name_nullable_in_permissions_table',1),(14,'2017_03_06_000000_add_controller_to_data_types_table',1),(15,'2017_04_21_000000_add_order_to_data_rows_table',1),(16,'2017_07_05_210000_add_policyname_to_data_types_table',1),(17,'2017_08_05_000000_add_group_to_settings_table',1),(18,'2017_11_26_013050_add_user_role_relationship',1),(19,'2017_11_26_015000_create_user_roles_table',1),(20,'2018_03_11_000000_add_user_settings',1),(21,'2018_03_14_000000_add_details_to_data_types_table',1),(22,'2018_03_16_000000_make_settings_value_nullable',1),(47,'2018_10_27_163752_create_products_table',2),(48,'2018_10_27_163954_create_pages_table',2),(49,'2018_10_27_164001_create_packagings_table',2),(50,'2018_10_27_164011_create_articles_table',2),(51,'2018_10_27_164022_create_faqs_table',2),(52,'2018_10_27_184912_create_packaging_product_table',2),(53,'2018_10_28_133454_create_sliders_table',3),(54,'2018_10_28_133500_create_banners_table',3),(56,'2018_10_28_135159_create_clients_table',4),(57,'2018_10_28_152213_create_homepage_videos_table',5),(58,'2018_10_28_195613_add_latest_solution_to_products',6),(59,'2018_10_28_195640_add_popular_products_to_products',6),(60,'2018_10_28_195650_add_latest_items_to_products',6),(61,'2018_10_28_195705_add_top_seller_to_products',6),(62,'2018_10_31_180647_create_categories_table',7),(63,'2018_10_31_180859_create_category_product_table',7),(64,'2018_11_10_193216_create_subscriptions_table',8),(65,'2018_11_10_213414_create_contact_attempts_table',8),(66,'2018_11_19_195656_add_comparison_fields_to_products_table',9);
/*!40000 ALTER TABLE `migrations` ENABLE KEYS */;
UNLOCK TABLES;

--
-- Table structure for table `packaging_product`
--

DROP TABLE IF EXISTS `packaging_product`;
/*!40101 SET @saved_cs_client     = @@character_set_client */;
/*!40101 SET character_set_client = utf8 */;
CREATE TABLE `packaging_product` (
  `id` int(10) unsigned NOT NULL AUTO_INCREMENT,
  `product_id` int(11) NOT NULL,
  `packaging_id` int(11) NOT NULL,
  PRIMARY KEY (`id`)
) ENGINE=InnoDB AUTO_INCREMENT=255 DEFAULT CHARSET=utf8mb4 COLLATE=utf8mb4_unicode_ci;
/*!40101 SET character_set_client = @saved_cs_client */;

--
-- Dumping data for table `packaging_product`
--

LOCK TABLES `packaging_product` WRITE;
/*!40000 ALTER TABLE `packaging_product` DISABLE KEYS */;
INSERT INTO `packaging_product` VALUES (1,1,1),(2,4,1),(3,5,1),(4,6,1),(5,1,2),(6,1,3),(7,1,4),(8,1,5),(9,1,6),(10,1,7),(11,12,1),(12,12,2),(13,12,3),(14,12,4),(15,12,5),(16,12,6),(17,12,7),(18,13,1),(19,13,2),(20,13,3),(21,13,4),(22,13,5),(23,13,6),(24,13,7),(25,14,1),(26,14,2),(27,14,3),(28,14,4),(29,14,5),(30,14,6),(31,14,7),(32,15,1),(33,15,2),(34,15,3),(35,15,4),(36,15,5),(37,15,6),(38,15,7),(39,16,1),(40,16,2),(41,16,3),(42,16,4),(43,16,5),(44,16,6),(45,16,7),(46,17,1),(47,17,2),(48,17,3),(49,17,4),(50,17,5),(51,17,6),(52,17,7),(53,18,1),(54,18,2),(55,18,3),(56,18,4),(57,18,5),(58,18,6),(59,18,7),(60,19,1),(61,19,2),(62,19,3),(63,19,4),(64,19,5),(65,19,6),(66,19,7),(67,20,1),(68,20,2),(69,20,3),(70,20,4),(71,20,5),(72,20,6),(73,20,7),(74,21,1),(75,21,2),(76,21,3),(77,21,4),(78,21,5),(79,21,6),(80,21,7),(81,22,1),(82,22,2),(83,22,3),(84,22,4),(85,22,5),(86,22,6),(87,22,7),(88,23,1),(89,23,2),(90,23,3),(91,23,4),(92,23,5),(93,23,6),(94,23,7),(95,24,1),(96,24,2),(97,24,3),(98,24,4),(99,24,5),(100,24,6),(101,24,7),(102,25,1),(103,25,2),(104,25,3),(105,25,4),(106,25,5),(107,25,6),(108,25,7),(109,26,5),(110,26,7),(111,26,8),(112,26,9),(113,26,10),(114,26,11),(115,27,5),(116,27,7),(117,27,8),(118,27,9),(119,27,10),(120,27,11),(121,28,1),(122,28,2),(123,28,3),(124,28,4),(125,28,6),(126,28,7),(127,29,1),(128,29,2),(129,29,3),(130,29,4),(131,29,6),(132,29,7),(133,30,1),(134,30,2),(135,30,3),(136,30,4),(137,30,6),(138,30,7),(139,31,1),(140,31,2),(141,31,3),(142,31,4),(143,31,5),(144,31,6),(145,31,7),(146,32,1),(147,32,2),(148,32,3),(149,32,4),(150,32,6),(151,32,7),(152,33,1),(153,33,2),(154,33,3),(155,33,4),(156,33,5),(157,33,6),(158,33,7),(159,34,4),(160,34,6),(161,34,7),(162,34,12),(163,35,4),(164,35,6),(165,35,7),(166,35,12),(167,36,4),(168,36,6),(169,36,7),(170,36,12),(171,37,1),(172,37,2),(173,37,3),(174,37,4),(175,37,5),(176,37,6),(177,37,7),(178,38,1),(179,38,2),(180,38,3),(181,38,4),(182,38,6),(183,38,7),(184,39,1),(185,39,2),(186,39,3),(187,39,4),(188,39,6),(189,39,7),(190,40,1),(191,40,2),(192,40,3),(193,40,4),(194,40,5),(195,40,6),(196,40,7),(197,41,1),(198,41,4),(199,41,5),(200,41,6),(201,41,7),(202,41,12),(203,42,1),(204,42,4),(205,42,5),(206,42,6),(207,42,7),(208,42,12),(209,43,1),(210,43,4),(211,43,5),(212,43,6),(213,43,7),(214,43,12),(215,44,1),(216,44,4),(217,44,5),(218,44,6),(219,44,7),(220,44,12),(221,45,4),(222,45,6),(223,45,7),(224,46,4),(225,46,6),(226,46,7),(227,46,12),(228,47,4),(229,47,6),(230,47,7),(231,47,12),(232,48,4),(233,48,6),(234,48,7),(235,48,12),(236,49,4),(237,49,6),(238,49,7),(239,49,12),(240,50,4),(241,50,6),(242,50,7),(243,50,12),(244,53,1),(245,54,1),(246,55,1),(247,56,1),(248,57,1),(249,58,1),(250,59,1),(251,60,1),(252,61,1),(253,62,1),(254,63,1);
/*!40000 ALTER TABLE `packaging_product` ENABLE KEYS */;
UNLOCK TABLES;

--
-- Table structure for table `packagings`
--

DROP TABLE IF EXISTS `packagings`;
/*!40101 SET @saved_cs_client     = @@character_set_client */;
/*!40101 SET character_set_client = utf8 */;
CREATE TABLE `packagings` (
  `id` int(10) unsigned NOT NULL AUTO_INCREMENT,
  `order` int(10) unsigned NOT NULL DEFAULT '0',
  `created_at` timestamp NULL DEFAULT NULL,
  `updated_at` timestamp NULL DEFAULT NULL,
  `name` varchar(191) COLLATE utf8mb4_unicode_ci NOT NULL,
  PRIMARY KEY (`id`)
) ENGINE=InnoDB AUTO_INCREMENT=13 DEFAULT CHARSET=utf8mb4 COLLATE=utf8mb4_unicode_ci;
/*!40101 SET character_set_client = @saved_cs_client */;

--
-- Dumping data for table `packagings`
--

LOCK TABLES `packagings` WRITE;
/*!40000 ALTER TABLE `packagings` DISABLE KEYS */;
INSERT INTO `packagings` VALUES (1,0,'2018-10-29 00:45:03','2018-10-29 00:45:03','1 US Qt'),(2,0,'2018-10-29 00:45:20','2018-10-29 00:45:20','1 US Gal'),(3,0,'2018-10-29 00:45:32','2018-10-29 00:45:32','5 US Qt'),(4,0,'2018-10-29 00:45:44','2018-10-29 00:45:44','5 US Gal'),(5,0,'2018-10-29 00:45:56','2018-10-29 00:45:56','6 Gal BIB'),(6,0,'2018-10-29 00:46:12','2018-10-29 00:46:12','55 US Gal'),(7,0,'2018-10-29 00:46:21','2018-10-29 00:46:21','Bulk'),(8,0,'2018-11-02 19:55:46','2018-11-02 19:55:46','1 liter'),(9,0,'2018-11-02 19:56:34','2018-11-02 19:56:34','4 liter'),(10,0,'2018-11-02 19:57:05','2018-11-02 19:57:05','19 liter pail'),(11,0,'2018-11-02 19:57:24','2018-11-02 19:57:24','208 liter drum'),(12,0,'2018-11-04 19:46:29','2018-11-04 19:46:29','16 US Qt');
/*!40000 ALTER TABLE `packagings` ENABLE KEYS */;
UNLOCK TABLES;

--
-- Table structure for table `pages`
--

DROP TABLE IF EXISTS `pages`;
/*!40101 SET @saved_cs_client     = @@character_set_client */;
/*!40101 SET character_set_client = utf8 */;
CREATE TABLE `pages` (
  `id` int(10) unsigned NOT NULL AUTO_INCREMENT,
  `order` int(10) unsigned NOT NULL DEFAULT '0',
  `title` varchar(191) COLLATE utf8mb4_unicode_ci NOT NULL,
  `seo_title` varchar(191) COLLATE utf8mb4_unicode_ci DEFAULT NULL,
  `excerpt` text COLLATE utf8mb4_unicode_ci,
  `body` longtext COLLATE utf8mb4_unicode_ci,
  `image` varchar(191) COLLATE utf8mb4_unicode_ci DEFAULT NULL,
  `slug` varchar(191) COLLATE utf8mb4_unicode_ci NOT NULL,
  `meta_description` text COLLATE utf8mb4_unicode_ci,
  `meta_keywords` text COLLATE utf8mb4_unicode_ci,
  `created_at` timestamp NULL DEFAULT NULL,
  `updated_at` timestamp NULL DEFAULT NULL,
  `deleted_at` timestamp NULL DEFAULT NULL,
  PRIMARY KEY (`id`),
  UNIQUE KEY `pages_slug_unique` (`slug`)
) ENGINE=InnoDB AUTO_INCREMENT=2 DEFAULT CHARSET=utf8mb4 COLLATE=utf8mb4_unicode_ci;
/*!40101 SET character_set_client = @saved_cs_client */;

--
-- Dumping data for table `pages`
--

LOCK TABLES `pages` WRITE;
/*!40000 ALTER TABLE `pages` DISABLE KEYS */;
INSERT INTO `pages` VALUES (1,0,'About',NULL,NULL,'<p><strong><span style=\"caret-color: #000000; font-family: Helvetica; font-size: 12px; text-size-adjust: auto; color: #ff0000;\">Everest</span></strong><span style=\"caret-color: #000000; color: #000000; font-family: Helvetica; font-size: 12px; text-size-adjust: auto;\"> &ndash; superior motor oil with the success story of innovation and progress.&nbsp;</span><span style=\"caret-color: #000000; color: #000000; font-family: Helvetica; font-size: 12px; text-size-adjust: auto;\">We are constantly optimizing products with the latest technology trends in the industry,</span><span style=\"caret-color: #000000; color: #000000; font-family: Helvetica; font-size: 12px; text-size-adjust: auto;\">&nbsp;</span><span style=\"caret-color: #000000; color: #000000; font-family: Helvetica; font-size: 12px; text-size-adjust: auto;\">so that you can work more efficiently and economically.</span><span style=\"caret-color: #000000; color: #000000; font-family: Helvetica; font-size: 12px; text-size-adjust: auto;\">&nbsp;</span></p>\r\n<p><span style=\"color: #000000; font-family: Helvetica; font-size: 12px; caret-color: #000000;\">Today more than ever, an engine oil has high expectations to meet! It has to cool, lubricate and protect engines, while retaining fuel-saving benefits of modern technologies.&nbsp;The right choice of engine oil will protect and preserve the engine, reducing ware and maximizing its life.</span></p>\r\n<div style=\"caret-color: #000000; color: #000000; font-family: Helvetica; font-size: 12px; font-style: normal; font-variant-caps: normal; font-weight: normal; letter-spacing: normal; orphans: auto; text-align: start; text-indent: 0px; text-transform: none; white-space: normal; widows: auto; word-spacing: 0px; -webkit-text-size-adjust: auto; -webkit-text-stroke-width: 0px; text-decoration: none;\">\r\n<div><strong><span style=\"color: #ff0000;\">Everest</span></strong> oil is formulated with the highest quality base oil and superior additives to PROTECT the engine and keep your car running for longer. Oil additives guarantee oil performs in extreme weather conditions, while the Performance additives ensure oil remains clean, durable and effective. Friction modifiers help maximize fuel efficiency and maintain stable viscosity.<br /><br />An uncompromised formula of engineering expertise, industry partnerships and real world field testing.Everest provides cost-effective and efficient solution for higher performance beyond specifications.<br /><br /><span style=\"color: #ff0000;\"><em>Everest motor oil. Protect your investment. Increase the life of an engine.</em></span><br /><br /><br /></div>\r\n</div>','pages/November2018/TgkGeb06O3zWsWYZTGxv.png','about',NULL,NULL,'2018-10-31 21:28:48','2018-11-24 23:00:43',NULL);
/*!40000 ALTER TABLE `pages` ENABLE KEYS */;
UNLOCK TABLES;

--
-- Table structure for table `password_resets`
--

DROP TABLE IF EXISTS `password_resets`;
/*!40101 SET @saved_cs_client     = @@character_set_client */;
/*!40101 SET character_set_client = utf8 */;
CREATE TABLE `password_resets` (
  `email` varchar(191) COLLATE utf8mb4_unicode_ci NOT NULL,
  `token` varchar(191) COLLATE utf8mb4_unicode_ci NOT NULL,
  `created_at` timestamp NULL DEFAULT NULL,
  KEY `password_resets_email_index` (`email`)
) ENGINE=InnoDB DEFAULT CHARSET=utf8mb4 COLLATE=utf8mb4_unicode_ci;
/*!40101 SET character_set_client = @saved_cs_client */;

--
-- Dumping data for table `password_resets`
--

LOCK TABLES `password_resets` WRITE;
/*!40000 ALTER TABLE `password_resets` DISABLE KEYS */;
/*!40000 ALTER TABLE `password_resets` ENABLE KEYS */;
UNLOCK TABLES;

--
-- Table structure for table `permission_role`
--

DROP TABLE IF EXISTS `permission_role`;
/*!40101 SET @saved_cs_client     = @@character_set_client */;
/*!40101 SET character_set_client = utf8 */;
CREATE TABLE `permission_role` (
  `permission_id` int(10) unsigned NOT NULL,
  `role_id` int(10) unsigned NOT NULL,
  PRIMARY KEY (`permission_id`,`role_id`),
  KEY `permission_role_permission_id_index` (`permission_id`),
  KEY `permission_role_role_id_index` (`role_id`),
  CONSTRAINT `permission_role_permission_id_foreign` FOREIGN KEY (`permission_id`) REFERENCES `permissions` (`id`) ON DELETE CASCADE,
  CONSTRAINT `permission_role_role_id_foreign` FOREIGN KEY (`role_id`) REFERENCES `roles` (`id`) ON DELETE CASCADE
) ENGINE=InnoDB DEFAULT CHARSET=utf8mb4 COLLATE=utf8mb4_unicode_ci;
/*!40101 SET character_set_client = @saved_cs_client */;

--
-- Dumping data for table `permission_role`
--

LOCK TABLES `permission_role` WRITE;
/*!40000 ALTER TABLE `permission_role` DISABLE KEYS */;
INSERT INTO `permission_role` VALUES (1,1),(1,3),(2,1),(2,3),(3,1),(3,3),(4,1),(4,3),(5,1),(5,3),(6,1),(7,1),(8,1),(9,1),(10,1),(11,1),(12,1),(13,1),(14,1),(15,1),(16,1),(17,1),(18,1),(19,1),(20,1),(21,1),(22,1),(23,1),(24,1),(25,1),(26,1),(26,3),(27,1),(27,3),(28,1),(28,3),(29,1),(29,3),(30,1),(30,3),(31,1),(31,3),(32,1),(32,3),(33,1),(33,3),(34,1),(34,3),(35,1),(35,3),(36,1),(36,3),(37,1),(37,3),(38,1),(38,3),(39,1),(39,3),(40,1),(40,3),(41,1),(41,3),(42,1),(42,3),(43,1),(43,3),(44,1),(44,3),(45,1),(45,3),(46,1),(46,3),(47,1),(47,3),(48,1),(48,3),(49,1),(49,3),(50,1),(50,3),(51,1),(51,3),(52,1),(52,3),(53,1),(53,3),(54,1),(54,3),(55,1),(55,3),(56,1),(56,3),(57,1),(57,3),(58,1),(58,3),(59,1),(59,3),(60,1),(60,3),(61,1),(61,3),(67,1),(67,3),(68,1),(68,3),(69,1),(69,3),(70,1),(70,3),(71,1),(71,3),(72,1),(72,3),(73,1),(73,3),(74,1),(74,3),(75,1),(75,3),(76,1),(76,3),(77,1),(77,3),(78,1),(78,3),(79,1),(79,3),(80,1),(80,3),(81,1),(81,3),(82,1),(82,3),(83,1),(83,3),(84,1),(85,1),(86,1),(87,1),(87,3),(88,1),(88,3),(89,1),(90,1),(91,1);
/*!40000 ALTER TABLE `permission_role` ENABLE KEYS */;
UNLOCK TABLES;

--
-- Table structure for table `permissions`
--

DROP TABLE IF EXISTS `permissions`;
/*!40101 SET @saved_cs_client     = @@character_set_client */;
/*!40101 SET character_set_client = utf8 */;
CREATE TABLE `permissions` (
  `id` int(10) unsigned NOT NULL AUTO_INCREMENT,
  `key` varchar(191) COLLATE utf8mb4_unicode_ci NOT NULL,
  `table_name` varchar(191) COLLATE utf8mb4_unicode_ci DEFAULT NULL,
  `created_at` timestamp NULL DEFAULT NULL,
  `updated_at` timestamp NULL DEFAULT NULL,
  PRIMARY KEY (`id`),
  KEY `permissions_key_index` (`key`)
) ENGINE=InnoDB AUTO_INCREMENT=92 DEFAULT CHARSET=utf8mb4 COLLATE=utf8mb4_unicode_ci;
/*!40101 SET character_set_client = @saved_cs_client */;

--
-- Dumping data for table `permissions`
--

LOCK TABLES `permissions` WRITE;
/*!40000 ALTER TABLE `permissions` DISABLE KEYS */;
INSERT INTO `permissions` VALUES (1,'browse_admin',NULL,'2018-10-27 16:28:23','2018-10-27 16:28:23'),(2,'browse_bread',NULL,'2018-10-27 16:28:23','2018-10-27 16:28:23'),(3,'browse_database',NULL,'2018-10-27 16:28:23','2018-10-27 16:28:23'),(4,'browse_media',NULL,'2018-10-27 16:28:23','2018-10-27 16:28:23'),(5,'browse_compass',NULL,'2018-10-27 16:28:23','2018-10-27 16:28:23'),(6,'browse_menus','menus','2018-10-27 16:28:23','2018-10-27 16:28:23'),(7,'read_menus','menus','2018-10-27 16:28:23','2018-10-27 16:28:23'),(8,'edit_menus','menus','2018-10-27 16:28:23','2018-10-27 16:28:23'),(9,'add_menus','menus','2018-10-27 16:28:23','2018-10-27 16:28:23'),(10,'delete_menus','menus','2018-10-27 16:28:23','2018-10-27 16:28:23'),(11,'browse_roles','roles','2018-10-27 16:28:23','2018-10-27 16:28:23'),(12,'read_roles','roles','2018-10-27 16:28:23','2018-10-27 16:28:23'),(13,'edit_roles','roles','2018-10-27 16:28:23','2018-10-27 16:28:23'),(14,'add_roles','roles','2018-10-27 16:28:23','2018-10-27 16:28:23'),(15,'delete_roles','roles','2018-10-27 16:28:23','2018-10-27 16:28:23'),(16,'browse_users','users','2018-10-27 16:28:23','2018-10-27 16:28:23'),(17,'read_users','users','2018-10-27 16:28:23','2018-10-27 16:28:23'),(18,'edit_users','users','2018-10-27 16:28:23','2018-10-27 16:28:23'),(19,'add_users','users','2018-10-27 16:28:23','2018-10-27 16:28:23'),(20,'delete_users','users','2018-10-27 16:28:23','2018-10-27 16:28:23'),(21,'browse_settings','settings','2018-10-27 16:28:23','2018-10-27 16:28:23'),(22,'read_settings','settings','2018-10-27 16:28:23','2018-10-27 16:28:23'),(23,'edit_settings','settings','2018-10-27 16:28:23','2018-10-27 16:28:23'),(24,'add_settings','settings','2018-10-27 16:28:23','2018-10-27 16:28:23'),(25,'delete_settings','settings','2018-10-27 16:28:23','2018-10-27 16:28:23'),(26,'browse_hooks',NULL,'2018-10-27 16:28:23','2018-10-27 16:28:23'),(27,'browse_packagings','packagings','2018-10-27 18:33:58','2018-10-27 18:33:58'),(28,'read_packagings','packagings','2018-10-27 18:33:58','2018-10-27 18:33:58'),(29,'edit_packagings','packagings','2018-10-27 18:33:58','2018-10-27 18:33:58'),(30,'add_packagings','packagings','2018-10-27 18:33:58','2018-10-27 18:33:58'),(31,'delete_packagings','packagings','2018-10-27 18:33:58','2018-10-27 18:33:58'),(32,'browse_products','products','2018-10-27 18:35:38','2018-10-27 18:35:38'),(33,'read_products','products','2018-10-27 18:35:38','2018-10-27 18:35:38'),(34,'edit_products','products','2018-10-27 18:35:38','2018-10-27 18:35:38'),(35,'add_products','products','2018-10-27 18:35:38','2018-10-27 18:35:38'),(36,'delete_products','products','2018-10-27 18:35:38','2018-10-27 18:35:38'),(37,'browse_pages','pages','2018-10-27 20:05:41','2018-10-27 20:05:41'),(38,'read_pages','pages','2018-10-27 20:05:41','2018-10-27 20:05:41'),(39,'edit_pages','pages','2018-10-27 20:05:41','2018-10-27 20:05:41'),(40,'add_pages','pages','2018-10-27 20:05:41','2018-10-27 20:05:41'),(41,'delete_pages','pages','2018-10-27 20:05:41','2018-10-27 20:05:41'),(42,'browse_articles','articles','2018-10-27 20:19:49','2018-10-27 20:19:49'),(43,'read_articles','articles','2018-10-27 20:19:49','2018-10-27 20:19:49'),(44,'edit_articles','articles','2018-10-27 20:19:49','2018-10-27 20:19:49'),(45,'add_articles','articles','2018-10-27 20:19:49','2018-10-27 20:19:49'),(46,'delete_articles','articles','2018-10-27 20:19:49','2018-10-27 20:19:49'),(47,'browse_faqs','faqs','2018-10-27 20:23:16','2018-10-27 20:23:16'),(48,'read_faqs','faqs','2018-10-27 20:23:16','2018-10-27 20:23:16'),(49,'edit_faqs','faqs','2018-10-27 20:23:16','2018-10-27 20:23:16'),(50,'add_faqs','faqs','2018-10-27 20:23:16','2018-10-27 20:23:16'),(51,'delete_faqs','faqs','2018-10-27 20:23:16','2018-10-27 20:23:16'),(52,'browse_banners','banners','2018-10-28 13:43:41','2018-10-28 13:43:41'),(53,'read_banners','banners','2018-10-28 13:43:41','2018-10-28 13:43:41'),(54,'edit_banners','banners','2018-10-28 13:43:41','2018-10-28 13:43:41'),(55,'add_banners','banners','2018-10-28 13:43:41','2018-10-28 13:43:41'),(56,'delete_banners','banners','2018-10-28 13:43:41','2018-10-28 13:43:41'),(57,'browse_sliders','sliders','2018-10-28 13:45:41','2018-10-28 13:45:41'),(58,'read_sliders','sliders','2018-10-28 13:45:41','2018-10-28 13:45:41'),(59,'edit_sliders','sliders','2018-10-28 13:45:41','2018-10-28 13:45:41'),(60,'add_sliders','sliders','2018-10-28 13:45:41','2018-10-28 13:45:41'),(61,'delete_sliders','sliders','2018-10-28 13:45:41','2018-10-28 13:45:41'),(67,'browse_clients','clients','2018-10-28 14:52:31','2018-10-28 14:52:31'),(68,'read_clients','clients','2018-10-28 14:52:31','2018-10-28 14:52:31'),(69,'edit_clients','clients','2018-10-28 14:52:31','2018-10-28 14:52:31'),(70,'add_clients','clients','2018-10-28 14:52:31','2018-10-28 14:52:31'),(71,'delete_clients','clients','2018-10-28 14:52:31','2018-10-28 14:52:31'),(72,'browse_homepage_videos','homepage_videos','2018-10-28 15:25:53','2018-10-28 15:25:53'),(73,'read_homepage_videos','homepage_videos','2018-10-28 15:25:53','2018-10-28 15:25:53'),(74,'edit_homepage_videos','homepage_videos','2018-10-28 15:25:53','2018-10-28 15:25:53'),(75,'add_homepage_videos','homepage_videos','2018-10-28 15:25:53','2018-10-28 15:25:53'),(76,'delete_homepage_videos','homepage_videos','2018-10-28 15:25:53','2018-10-28 15:25:53'),(77,'browse_categories','categories','2018-11-01 16:26:20','2018-11-01 16:26:20'),(78,'read_categories','categories','2018-11-01 16:26:20','2018-11-01 16:26:20'),(79,'edit_categories','categories','2018-11-01 16:26:20','2018-11-01 16:26:20'),(80,'add_categories','categories','2018-11-01 16:26:20','2018-11-01 16:26:20'),(81,'delete_categories','categories','2018-11-01 16:26:20','2018-11-01 16:26:20'),(82,'browse_contact_attempts','contact_attempts','2018-11-10 23:21:30','2018-11-10 23:21:30'),(83,'read_contact_attempts','contact_attempts','2018-11-10 23:21:30','2018-11-10 23:21:30'),(84,'edit_contact_attempts','contact_attempts','2018-11-10 23:21:30','2018-11-10 23:21:30'),(85,'add_contact_attempts','contact_attempts','2018-11-10 23:21:30','2018-11-10 23:21:30'),(86,'delete_contact_attempts','contact_attempts','2018-11-10 23:21:30','2018-11-10 23:21:30'),(87,'browse_subscriptions','subscriptions','2018-11-10 23:32:43','2018-11-10 23:32:43'),(88,'read_subscriptions','subscriptions','2018-11-10 23:32:43','2018-11-10 23:32:43'),(89,'edit_subscriptions','subscriptions','2018-11-10 23:32:43','2018-11-10 23:32:43'),(90,'add_subscriptions','subscriptions','2018-11-10 23:32:43','2018-11-10 23:32:43'),(91,'delete_subscriptions','subscriptions','2018-11-10 23:32:43','2018-11-10 23:32:43');
/*!40000 ALTER TABLE `permissions` ENABLE KEYS */;
UNLOCK TABLES;

--
-- Table structure for table `products`
--

DROP TABLE IF EXISTS `products`;
/*!40101 SET @saved_cs_client     = @@character_set_client */;
/*!40101 SET character_set_client = utf8 */;
CREATE TABLE `products` (
  `id` int(10) unsigned NOT NULL AUTO_INCREMENT,
  `order` int(10) unsigned NOT NULL DEFAULT '0',
  `title` varchar(191) COLLATE utf8mb4_unicode_ci NOT NULL,
  `seo_title` varchar(191) COLLATE utf8mb4_unicode_ci DEFAULT NULL,
  `product_id` varchar(191) COLLATE utf8mb4_unicode_ci DEFAULT NULL,
  `excerpt` text COLLATE utf8mb4_unicode_ci,
  `description` longtext COLLATE utf8mb4_unicode_ci,
  `image` varchar(191) COLLATE utf8mb4_unicode_ci DEFAULT NULL,
  `images` text COLLATE utf8mb4_unicode_ci,
  `files` text COLLATE utf8mb4_unicode_ci,
  `slug` varchar(191) COLLATE utf8mb4_unicode_ci NOT NULL,
  `meta_description` text COLLATE utf8mb4_unicode_ci,
  `meta_keywords` text COLLATE utf8mb4_unicode_ci,
  `top_seller` tinyint(1) NOT NULL DEFAULT '0',
  `latest_items` tinyint(1) NOT NULL DEFAULT '0',
  `popular_products` tinyint(1) NOT NULL DEFAULT '0',
  `latest_solution` tinyint(1) NOT NULL DEFAULT '0',
  `created_at` timestamp NULL DEFAULT NULL,
  `updated_at` timestamp NULL DEFAULT NULL,
  `deleted_at` timestamp NULL DEFAULT NULL,
  `comparison_criteria` text COLLATE utf8mb4_unicode_ci,
  `comparison_1_enabled` tinyint(1) DEFAULT NULL,
  `comparison_2_enabled` tinyint(1) DEFAULT NULL,
  `comparison_3_enabled` tinyint(1) DEFAULT NULL,
  `comparison_1_image` varchar(191) COLLATE utf8mb4_unicode_ci DEFAULT NULL,
  `comparison_2_image` varchar(191) COLLATE utf8mb4_unicode_ci DEFAULT NULL,
  `comparison_3_image` varchar(191) COLLATE utf8mb4_unicode_ci DEFAULT NULL,
  `comparison_1_title` varchar(191) COLLATE utf8mb4_unicode_ci DEFAULT NULL,
  `comparison_2_title` varchar(191) COLLATE utf8mb4_unicode_ci DEFAULT NULL,
  `comparison_3_title` varchar(191) COLLATE utf8mb4_unicode_ci DEFAULT NULL,
  `comparison_0_values` text COLLATE utf8mb4_unicode_ci,
  `comparison_1_values` text COLLATE utf8mb4_unicode_ci,
  `comparison_2_values` text COLLATE utf8mb4_unicode_ci,
  `comparison_3_values` text COLLATE utf8mb4_unicode_ci,
  PRIMARY KEY (`id`),
  UNIQUE KEY `products_slug_unique` (`slug`)
) ENGINE=InnoDB AUTO_INCREMENT=64 DEFAULT CHARSET=utf8mb4 COLLATE=utf8mb4_unicode_ci;
/*!40101 SET character_set_client = @saved_cs_client */;

--
-- Dumping data for table `products`
--

LOCK TABLES `products` WRITE;
/*!40000 ALTER TABLE `products` DISABLE KEYS */;
INSERT INTO `products` VALUES (1,1,'0W-20 FULL SYNTHETIC MOTOR OIL',NULL,NULL,NULL,'<p><strong>Everest Full Synthetic SAE 0W-16 Ultra-Low Viscosity Motor Oil</strong> is a superior quality motor oil designed with a specific low friction additive system for Hybrid Electric Vehicles (H.E.V) and Plug-in Hybrid Electric Vehicles (P.H.E.V) fitted with recent gasoline engines. It outperforms conventional motor oil, reduces friction and wear at start-up and protects your engine against performance robbing sludge and varnish deposits.&nbsp;<span style=\"color: null;\">Everest Full Synthetic SAE 0W-16&nbsp;Motor Oil</span> is recommended for modern engines, including supercharged, turbo-charged, direct injection, and hybrid passenger car, truck, sport utility vehicle and other mobile or stationary engines where a full synthetic API SN PLUS / GF-5 low viscosity category 0W-16, 0W-20 or 5W-20 motor oil is recommended.</p>\r\n<p><strong>Everest Full Synthetic SAE 0W-16&nbsp;Ultra-Low Viscosity Motor Oil</strong> meets or exceeds car manufacturers&rsquo; ILSAC GF-5 and American Petroleum Institute (API) Resource Conserving SN PLUS service classifications and is compatible with all prior API categories.&nbsp;Everest Full Synthetic SAE 0W-16&nbsp;has been field tested to be comparable to most American, Asian and European manufacturers&rsquo; standards including Toyota Prius, Honda Civic, Lexus ES3000h, Nissan, Mitsubishi, and many other OEM&rsquo;s hybrid specifications. This type of oil may be unsuitable for use in some engines.</p>\r\n<h3><strong>Benefits and Applications</strong></h3>\r\n<p>&bull; Ultra-low viscosity engine oil for Eco-friendly and sophisticated diesel and&nbsp;gasoline engines including hybrid, direct injection and supercharged<br /> &bull; Exceeds SN PLUS service classification<br /> &bull; Increased fuel efficiency and performance<br /> &bull; Maximum engine cleanliness and protection<br /> &bull; Ultra-low viscosity engine oil<br /> &bull; Quick engine stats at cold temperatures, minimizing friction and wear at start-up</p>','products/October2018/tuDkvmNAIKWWvhbBEsKZ.jpg','[\"products/October2018/AfMDX4TmT4q1ex5tZWDV.jpg\", \"products/October2018/mWzhZGP0DP6O8G9c8ppY.jpg\", \"products/October2018/UYIQZN8iabxQlZj82JYp.jpg\"]','[{\"download_link\": \"products/October2018/KDOVTxZVz41S85lWz7dK.pdf\", \"original_name\": \"5b99cb7899454-sds-pcmo-full-syn.pdf\"}, {\"download_link\": \"products/October2018/1CwuVaOha1Eh95cj6PH3.pdf\", \"original_name\": \"5b5f7fcb0de25-usglobal0w-16datasheetv180730.pdf\"}]','0w-20-full-synthetic-motor-oil',NULL,NULL,1,1,1,1,'2018-10-28 20:45:08','2018-11-01 21:40:09','2018-11-01 21:40:09',NULL,NULL,NULL,NULL,NULL,NULL,NULL,NULL,NULL,NULL,NULL,NULL,NULL,NULL),(4,2,'0W-20 FULL SYNTHETIC MOTOR OIL',NULL,NULL,NULL,'<p><strong>Everest Full Synthetic SAE 0W-16 Ultra-Low Viscosity Motor Oil</strong> is a superior quality motor oil designed with a specific low friction additive system for Hybrid Electric Vehicles (H.E.V) and Plug-in Hybrid Electric Vehicles (P.H.E.V) fitted with recent gasoline engines. It outperforms conventional motor oil, reduces friction and wear at start-up and protects your engine against performance robbing sludge and varnish deposits.&nbsp;<span style=\"color: null;\">Everest Full Synthetic SAE 0W-16&nbsp;Motor Oil</span> is recommended for modern engines, including supercharged, turbo-charged, direct injection, and hybrid passenger car, truck, sport utility vehicle and other mobile or stationary engines where a full synthetic API SN PLUS / GF-5 low viscosity category 0W-16, 0W-20 or 5W-20 motor oil is recommended.</p>\r\n<p><strong>Everest Full Synthetic SAE 0W-16&nbsp;Ultra-Low Viscosity Motor Oil</strong> meets or exceeds car manufacturers&rsquo; ILSAC GF-5 and American Petroleum Institute (API) Resource Conserving SN PLUS service classifications and is compatible with all prior API categories.&nbsp;Everest Full Synthetic SAE 0W-16&nbsp;has been field tested to be comparable to most American, Asian and European manufacturers&rsquo; standards including Toyota Prius, Honda Civic, Lexus ES3000h, Nissan, Mitsubishi, and many other OEM&rsquo;s hybrid specifications. This type of oil may be unsuitable for use in some engines.</p>\r\n<h3><strong>Benefits and Applications</strong></h3>\r\n<p>&bull; Ultra-low viscosity engine oil for Eco-friendly and sophisticated diesel and&nbsp;gasoline engines including hybrid, direct injection and supercharged<br /> &bull; Exceeds SN PLUS service classification<br /> &bull; Increased fuel efficiency and performance<br /> &bull; Maximum engine cleanliness and protection<br /> &bull; Ultra-low viscosity engine oil<br /> &bull; Quick engine stats at cold temperatures, minimizing friction and wear at start-up</p>','products/October2018/tuDkvmNAIKWWvhbBEsKZ.jpg','[\"products/October2018/AfMDX4TmT4q1ex5tZWDV.jpg\", \"products/October2018/mWzhZGP0DP6O8G9c8ppY.jpg\", \"products/October2018/UYIQZN8iabxQlZj82JYp.jpg\"]','[{\"download_link\": \"products/October2018/KDOVTxZVz41S85lWz7dK.pdf\", \"original_name\": \"5b99cb7899454-sds-pcmo-full-syn.pdf\"}, {\"download_link\": \"products/October2018/1CwuVaOha1Eh95cj6PH3.pdf\", \"original_name\": \"5b5f7fcb0de25-usglobal0w-16datasheetv180730.pdf\"}]','0w-20-full-synthetic-motor-oil-2',NULL,NULL,1,1,1,1,'2018-10-28 20:45:08','2018-11-01 21:40:16','2018-11-01 21:40:16',NULL,NULL,NULL,NULL,NULL,NULL,NULL,NULL,NULL,NULL,NULL,NULL,NULL,NULL),(5,3,'0W-20 FULL SYNTHETIC MOTOR OIL',NULL,NULL,NULL,'<p><strong>Everest Full Synthetic SAE 0W-16 Ultra-Low Viscosity Motor Oil</strong> is a superior quality motor oil designed with a specific low friction additive system for Hybrid Electric Vehicles (H.E.V) and Plug-in Hybrid Electric Vehicles (P.H.E.V) fitted with recent gasoline engines. It outperforms conventional motor oil, reduces friction and wear at start-up and protects your engine against performance robbing sludge and varnish deposits.&nbsp;<span style=\"color: null;\">Everest Full Synthetic SAE 0W-16&nbsp;Motor Oil</span> is recommended for modern engines, including supercharged, turbo-charged, direct injection, and hybrid passenger car, truck, sport utility vehicle and other mobile or stationary engines where a full synthetic API SN PLUS / GF-5 low viscosity category 0W-16, 0W-20 or 5W-20 motor oil is recommended.</p>\r\n<p><strong>Everest Full Synthetic SAE 0W-16&nbsp;Ultra-Low Viscosity Motor Oil</strong> meets or exceeds car manufacturers&rsquo; ILSAC GF-5 and American Petroleum Institute (API) Resource Conserving SN PLUS service classifications and is compatible with all prior API categories.&nbsp;Everest Full Synthetic SAE 0W-16&nbsp;has been field tested to be comparable to most American, Asian and European manufacturers&rsquo; standards including Toyota Prius, Honda Civic, Lexus ES3000h, Nissan, Mitsubishi, and many other OEM&rsquo;s hybrid specifications. This type of oil may be unsuitable for use in some engines.</p>\r\n<h3><strong>Benefits and Applications</strong></h3>\r\n<p>&bull; Ultra-low viscosity engine oil for Eco-friendly and sophisticated diesel and&nbsp;gasoline engines including hybrid, direct injection and supercharged<br /> &bull; Exceeds SN PLUS service classification<br /> &bull; Increased fuel efficiency and performance<br /> &bull; Maximum engine cleanliness and protection<br /> &bull; Ultra-low viscosity engine oil<br /> &bull; Quick engine stats at cold temperatures, minimizing friction and wear at start-up</p>','products/October2018/tuDkvmNAIKWWvhbBEsKZ.jpg','[\"products/October2018/AfMDX4TmT4q1ex5tZWDV.jpg\", \"products/October2018/mWzhZGP0DP6O8G9c8ppY.jpg\", \"products/October2018/UYIQZN8iabxQlZj82JYp.jpg\"]','[{\"download_link\": \"products/October2018/KDOVTxZVz41S85lWz7dK.pdf\", \"original_name\": \"5b99cb7899454-sds-pcmo-full-syn.pdf\"}, {\"download_link\": \"products/October2018/1CwuVaOha1Eh95cj6PH3.pdf\", \"original_name\": \"5b5f7fcb0de25-usglobal0w-16datasheetv180730.pdf\"}]','0w-20-full-synthetic-motor-oil-3',NULL,NULL,1,1,1,1,'2018-10-28 20:45:08','2018-11-01 21:40:23','2018-11-01 21:40:23',NULL,NULL,NULL,NULL,NULL,NULL,NULL,NULL,NULL,NULL,NULL,NULL,NULL,NULL),(6,4,'0W-20 FULL SYNTHETIC MOTOR OIL',NULL,NULL,NULL,'<p><strong>Everest Full Synthetic SAE 0W-16 Ultra-Low Viscosity Motor Oil</strong> is a superior quality motor oil designed with a specific low friction additive system for Hybrid Electric Vehicles (H.E.V) and Plug-in Hybrid Electric Vehicles (P.H.E.V) fitted with recent gasoline engines. It outperforms conventional motor oil, reduces friction and wear at start-up and protects your engine against performance robbing sludge and varnish deposits.&nbsp;<span style=\"color: null;\">Everest Full Synthetic SAE 0W-16&nbsp;Motor Oil</span> is recommended for modern engines, including supercharged, turbo-charged, direct injection, and hybrid passenger car, truck, sport utility vehicle and other mobile or stationary engines where a full synthetic API SN PLUS / GF-5 low viscosity category 0W-16, 0W-20 or 5W-20 motor oil is recommended.</p>\r\n<p><strong>Everest Full Synthetic SAE 0W-16&nbsp;Ultra-Low Viscosity Motor Oil</strong> meets or exceeds car manufacturers&rsquo; ILSAC GF-5 and American Petroleum Institute (API) Resource Conserving SN PLUS service classifications and is compatible with all prior API categories.&nbsp;Everest Full Synthetic SAE 0W-16&nbsp;has been field tested to be comparable to most American, Asian and European manufacturers&rsquo; standards including Toyota Prius, Honda Civic, Lexus ES3000h, Nissan, Mitsubishi, and many other OEM&rsquo;s hybrid specifications. This type of oil may be unsuitable for use in some engines.</p>\r\n<h3><strong>Benefits and Applications</strong></h3>\r\n<p>&bull; Ultra-low viscosity engine oil for Eco-friendly and sophisticated diesel and&nbsp;gasoline engines including hybrid, direct injection and supercharged<br /> &bull; Exceeds SN PLUS service classification<br /> &bull; Increased fuel efficiency and performance<br /> &bull; Maximum engine cleanliness and protection<br /> &bull; Ultra-low viscosity engine oil<br /> &bull; Quick engine stats at cold temperatures, minimizing friction and wear at start-up</p>','products/October2018/tuDkvmNAIKWWvhbBEsKZ.jpg','[\"products/October2018/AfMDX4TmT4q1ex5tZWDV.jpg\", \"products/October2018/mWzhZGP0DP6O8G9c8ppY.jpg\", \"products/October2018/UYIQZN8iabxQlZj82JYp.jpg\"]','[{\"download_link\": \"products/October2018/KDOVTxZVz41S85lWz7dK.pdf\", \"original_name\": \"5b99cb7899454-sds-pcmo-full-syn.pdf\"}, {\"download_link\": \"products/October2018/1CwuVaOha1Eh95cj6PH3.pdf\", \"original_name\": \"5b5f7fcb0de25-usglobal0w-16datasheetv180730.pdf\"}]','0w-20-full-synthetic-motor-oil-4',NULL,NULL,1,1,1,1,'2018-10-28 20:45:08','2018-11-01 21:40:28','2018-11-01 21:40:28',NULL,NULL,NULL,NULL,NULL,NULL,NULL,NULL,NULL,NULL,NULL,NULL,NULL,NULL),(7,5,'0W-20 FULL SYNTHETIC MOTOR OIL',NULL,NULL,NULL,'<p><strong>Everest Full Synthetic SAE 0W-16 Ultra-Low Viscosity Motor Oil</strong> is a superior quality motor oil designed with a specific low friction additive system for Hybrid Electric Vehicles (H.E.V) and Plug-in Hybrid Electric Vehicles (P.H.E.V) fitted with recent gasoline engines. It outperforms conventional motor oil, reduces friction and wear at start-up and protects your engine against performance robbing sludge and varnish deposits.&nbsp;<span style=\"color: null;\">Everest Full Synthetic SAE 0W-16&nbsp;Motor Oil</span> is recommended for modern engines, including supercharged, turbo-charged, direct injection, and hybrid passenger car, truck, sport utility vehicle and other mobile or stationary engines where a full synthetic API SN PLUS / GF-5 low viscosity category 0W-16, 0W-20 or 5W-20 motor oil is recommended.</p>\r\n<p><strong>Everest Full Synthetic SAE 0W-16&nbsp;Ultra-Low Viscosity Motor Oil</strong> meets or exceeds car manufacturers&rsquo; ILSAC GF-5 and American Petroleum Institute (API) Resource Conserving SN PLUS service classifications and is compatible with all prior API categories.&nbsp;Everest Full Synthetic SAE 0W-16&nbsp;has been field tested to be comparable to most American, Asian and European manufacturers&rsquo; standards including Toyota Prius, Honda Civic, Lexus ES3000h, Nissan, Mitsubishi, and many other OEM&rsquo;s hybrid specifications. This type of oil may be unsuitable for use in some engines.</p>\r\n<h3><strong>Benefits and Applications</strong></h3>\r\n<p>&bull; Ultra-low viscosity engine oil for Eco-friendly and sophisticated diesel and&nbsp;gasoline engines including hybrid, direct injection and supercharged<br /> &bull; Exceeds SN PLUS service classification<br /> &bull; Increased fuel efficiency and performance<br /> &bull; Maximum engine cleanliness and protection<br /> &bull; Ultra-low viscosity engine oil<br /> &bull; Quick engine stats at cold temperatures, minimizing friction and wear at start-up</p>','products/October2018/tuDkvmNAIKWWvhbBEsKZ.jpg','[\"products/October2018/AfMDX4TmT4q1ex5tZWDV.jpg\", \"products/October2018/mWzhZGP0DP6O8G9c8ppY.jpg\", \"products/October2018/UYIQZN8iabxQlZj82JYp.jpg\"]','[{\"download_link\": \"products/October2018/KDOVTxZVz41S85lWz7dK.pdf\", \"original_name\": \"5b99cb7899454-sds-pcmo-full-syn.pdf\"}, {\"download_link\": \"products/October2018/1CwuVaOha1Eh95cj6PH3.pdf\", \"original_name\": \"5b5f7fcb0de25-usglobal0w-16datasheetv180730.pdf\"}]','0w-20-full-synthetic-motor-oil-5',NULL,NULL,1,1,1,0,'2018-10-28 20:45:08','2018-11-01 21:41:12','2018-11-01 21:41:12',NULL,NULL,NULL,NULL,NULL,NULL,NULL,NULL,NULL,NULL,NULL,NULL,NULL,NULL),(8,6,'0W-20 FULL SYNTHETIC MOTOR OIL',NULL,NULL,NULL,'<p><strong>Everest Full Synthetic SAE 0W-16 Ultra-Low Viscosity Motor Oil</strong> is a superior quality motor oil designed with a specific low friction additive system for Hybrid Electric Vehicles (H.E.V) and Plug-in Hybrid Electric Vehicles (P.H.E.V) fitted with recent gasoline engines. It outperforms conventional motor oil, reduces friction and wear at start-up and protects your engine against performance robbing sludge and varnish deposits.&nbsp;<span style=\"color: null;\">Everest Full Synthetic SAE 0W-16&nbsp;Motor Oil</span> is recommended for modern engines, including supercharged, turbo-charged, direct injection, and hybrid passenger car, truck, sport utility vehicle and other mobile or stationary engines where a full synthetic API SN PLUS / GF-5 low viscosity category 0W-16, 0W-20 or 5W-20 motor oil is recommended.</p>\r\n<p><strong>Everest Full Synthetic SAE 0W-16&nbsp;Ultra-Low Viscosity Motor Oil</strong> meets or exceeds car manufacturers&rsquo; ILSAC GF-5 and American Petroleum Institute (API) Resource Conserving SN PLUS service classifications and is compatible with all prior API categories.&nbsp;Everest Full Synthetic SAE 0W-16&nbsp;has been field tested to be comparable to most American, Asian and European manufacturers&rsquo; standards including Toyota Prius, Honda Civic, Lexus ES3000h, Nissan, Mitsubishi, and many other OEM&rsquo;s hybrid specifications. This type of oil may be unsuitable for use in some engines.</p>\r\n<h3><strong>Benefits and Applications</strong></h3>\r\n<p>&bull; Ultra-low viscosity engine oil for Eco-friendly and sophisticated diesel and&nbsp;gasoline engines including hybrid, direct injection and supercharged<br /> &bull; Exceeds SN PLUS service classification<br /> &bull; Increased fuel efficiency and performance<br /> &bull; Maximum engine cleanliness and protection<br /> &bull; Ultra-low viscosity engine oil<br /> &bull; Quick engine stats at cold temperatures, minimizing friction and wear at start-up</p>','products/October2018/tuDkvmNAIKWWvhbBEsKZ.jpg','[\"products/October2018/AfMDX4TmT4q1ex5tZWDV.jpg\", \"products/October2018/mWzhZGP0DP6O8G9c8ppY.jpg\", \"products/October2018/UYIQZN8iabxQlZj82JYp.jpg\"]','[{\"download_link\": \"products/October2018/KDOVTxZVz41S85lWz7dK.pdf\", \"original_name\": \"5b99cb7899454-sds-pcmo-full-syn.pdf\"}, {\"download_link\": \"products/October2018/1CwuVaOha1Eh95cj6PH3.pdf\", \"original_name\": \"5b5f7fcb0de25-usglobal0w-16datasheetv180730.pdf\"}]','0w-20-full-synthetic-motor-oil-6',NULL,NULL,1,1,1,0,'2018-10-28 20:45:08','2018-11-01 21:41:17','2018-11-01 21:41:17',NULL,NULL,NULL,NULL,NULL,NULL,NULL,NULL,NULL,NULL,NULL,NULL,NULL,NULL),(9,7,'0W-20 FULL SYNTHETIC MOTOR OIL',NULL,NULL,NULL,'<p><strong>Everest Full Synthetic SAE 0W-16 Ultra-Low Viscosity Motor Oil</strong> is a superior quality motor oil designed with a specific low friction additive system for Hybrid Electric Vehicles (H.E.V) and Plug-in Hybrid Electric Vehicles (P.H.E.V) fitted with recent gasoline engines. It outperforms conventional motor oil, reduces friction and wear at start-up and protects your engine against performance robbing sludge and varnish deposits.&nbsp;<span style=\"color: null;\">Everest Full Synthetic SAE 0W-16&nbsp;Motor Oil</span> is recommended for modern engines, including supercharged, turbo-charged, direct injection, and hybrid passenger car, truck, sport utility vehicle and other mobile or stationary engines where a full synthetic API SN PLUS / GF-5 low viscosity category 0W-16, 0W-20 or 5W-20 motor oil is recommended.</p>\r\n<p><strong>Everest Full Synthetic SAE 0W-16&nbsp;Ultra-Low Viscosity Motor Oil</strong> meets or exceeds car manufacturers&rsquo; ILSAC GF-5 and American Petroleum Institute (API) Resource Conserving SN PLUS service classifications and is compatible with all prior API categories.&nbsp;Everest Full Synthetic SAE 0W-16&nbsp;has been field tested to be comparable to most American, Asian and European manufacturers&rsquo; standards including Toyota Prius, Honda Civic, Lexus ES3000h, Nissan, Mitsubishi, and many other OEM&rsquo;s hybrid specifications. This type of oil may be unsuitable for use in some engines.</p>\r\n<h3><strong>Benefits and Applications</strong></h3>\r\n<p>&bull; Ultra-low viscosity engine oil for Eco-friendly and sophisticated diesel and&nbsp;gasoline engines including hybrid, direct injection and supercharged<br /> &bull; Exceeds SN PLUS service classification<br /> &bull; Increased fuel efficiency and performance<br /> &bull; Maximum engine cleanliness and protection<br /> &bull; Ultra-low viscosity engine oil<br /> &bull; Quick engine stats at cold temperatures, minimizing friction and wear at start-up</p>','products/October2018/tuDkvmNAIKWWvhbBEsKZ.jpg','[\"products/October2018/AfMDX4TmT4q1ex5tZWDV.jpg\", \"products/October2018/mWzhZGP0DP6O8G9c8ppY.jpg\", \"products/October2018/UYIQZN8iabxQlZj82JYp.jpg\"]','[{\"download_link\": \"products/October2018/KDOVTxZVz41S85lWz7dK.pdf\", \"original_name\": \"5b99cb7899454-sds-pcmo-full-syn.pdf\"}, {\"download_link\": \"products/October2018/1CwuVaOha1Eh95cj6PH3.pdf\", \"original_name\": \"5b5f7fcb0de25-usglobal0w-16datasheetv180730.pdf\"}]','0w-20-full-synthetic-motor-oil-7',NULL,NULL,1,1,1,0,'2018-10-28 20:45:08','2018-11-01 21:41:22','2018-11-01 21:41:22',NULL,NULL,NULL,NULL,NULL,NULL,NULL,NULL,NULL,NULL,NULL,NULL,NULL,NULL),(10,8,'0W-20 FULL SYNTHETIC MOTOR OIL',NULL,NULL,NULL,'<p><strong>Everest Full Synthetic SAE 0W-16 Ultra-Low Viscosity Motor Oil</strong> is a superior quality motor oil designed with a specific low friction additive system for Hybrid Electric Vehicles (H.E.V) and Plug-in Hybrid Electric Vehicles (P.H.E.V) fitted with recent gasoline engines. It outperforms conventional motor oil, reduces friction and wear at start-up and protects your engine against performance robbing sludge and varnish deposits.&nbsp;<span style=\"color: null;\">Everest Full Synthetic SAE 0W-16&nbsp;Motor Oil</span> is recommended for modern engines, including supercharged, turbo-charged, direct injection, and hybrid passenger car, truck, sport utility vehicle and other mobile or stationary engines where a full synthetic API SN PLUS / GF-5 low viscosity category 0W-16, 0W-20 or 5W-20 motor oil is recommended.</p>\r\n<p><strong>Everest Full Synthetic SAE 0W-16&nbsp;Ultra-Low Viscosity Motor Oil</strong> meets or exceeds car manufacturers&rsquo; ILSAC GF-5 and American Petroleum Institute (API) Resource Conserving SN PLUS service classifications and is compatible with all prior API categories.&nbsp;Everest Full Synthetic SAE 0W-16&nbsp;has been field tested to be comparable to most American, Asian and European manufacturers&rsquo; standards including Toyota Prius, Honda Civic, Lexus ES3000h, Nissan, Mitsubishi, and many other OEM&rsquo;s hybrid specifications. This type of oil may be unsuitable for use in some engines.</p>\r\n<h3><strong>Benefits and Applications</strong></h3>\r\n<p>&bull; Ultra-low viscosity engine oil for Eco-friendly and sophisticated diesel and&nbsp;gasoline engines including hybrid, direct injection and supercharged<br /> &bull; Exceeds SN PLUS service classification<br /> &bull; Increased fuel efficiency and performance<br /> &bull; Maximum engine cleanliness and protection<br /> &bull; Ultra-low viscosity engine oil<br /> &bull; Quick engine stats at cold temperatures, minimizing friction and wear at start-up</p>','products/October2018/tuDkvmNAIKWWvhbBEsKZ.jpg','[\"products/October2018/AfMDX4TmT4q1ex5tZWDV.jpg\", \"products/October2018/mWzhZGP0DP6O8G9c8ppY.jpg\", \"products/October2018/UYIQZN8iabxQlZj82JYp.jpg\"]','[{\"download_link\": \"products/October2018/KDOVTxZVz41S85lWz7dK.pdf\", \"original_name\": \"5b99cb7899454-sds-pcmo-full-syn.pdf\"}, {\"download_link\": \"products/October2018/1CwuVaOha1Eh95cj6PH3.pdf\", \"original_name\": \"5b5f7fcb0de25-usglobal0w-16datasheetv180730.pdf\"}]','0w-20-full-synthetic-motor-oil-8',NULL,NULL,1,1,1,0,'2018-10-28 20:45:08','2018-11-01 21:41:27','2018-11-01 21:41:27',NULL,NULL,NULL,NULL,NULL,NULL,NULL,NULL,NULL,NULL,NULL,NULL,NULL,NULL),(11,0,'test',NULL,NULL,NULL,NULL,NULL,NULL,NULL,'test',NULL,NULL,1,1,1,1,'2018-10-31 01:20:40','2018-10-31 01:20:46','2018-10-31 01:20:46',NULL,NULL,NULL,NULL,NULL,NULL,NULL,NULL,NULL,NULL,NULL,NULL,NULL,NULL),(12,1,'0W-20 FULL SYNTHETIC MOTOR OIL',NULL,NULL,'Everest Extreme Performance Full Synthetic Motor Oils are premium quality multi-grade motor oils formulated from selected superior base oils and advance high performance engine oil additive technology.','<p class=\"MsoNormal\">Everest Extreme Performance Full Synthetic Motor Oils are premium quality multi-grade&nbsp;motor oils&nbsp;formulated from selected superior base oils and advance high performance engine oil additive technology.</p>\r\n<p class=\"MsoNormal\">Everest Extreme Performance Full Synthetic Motor Oils are fully licensed to meet or exceed the latest American Petroleum Institute SN service classification for use in passenger car, vans, sports utility vehicles, light duty trucks, powerboats, motorcycles and other mobile and stationary equipment where engine life and performance are important.</p>\r\n<p class=\"MsoNormal\">Everest Extreme Performance Full Synthetic Motor Oils outperform conventional motor oils and are designed especially for turbo-charged and high RPM engines which experience high heat. Everest Full Synthetic Motor Oils are formulated with low friction additives to help improve fuel economy and provide quick flow to critical parts at start-up to reduce wear.</p>\r\n<p class=\"MsoNormal\">Everest Extreme Performance Full Synthetic 5W-20, 5W-30 and 10W-30 motor oils meet or exceed car manufacturers ILSAC GF-5 and American Petroleum Institute API Resource Conserving SN service classification have been field tested to be comparable to American, European and Japanese manufacturers&rsquo; standards: ACEA A1/B1 &amp; A5/B5, Ford WSS-M2C930A and WSS-M2C945A (5W-20), and WSS-M2C929A and WSS-M2C946A (5W-30); Chrysler MS 6395, dexos, and GM 6094M and other specifications where a full synthetic SN motor oil is recommended.</p>','products/October2018/S6Ew7uT7Pv5rq77W86Ki.jpg','[\"products\\/October2018\\/h5vtio5o1cAwxCG9SoEz.jpg\"]','[{\"download_link\":\"products\\/October2018\\/bsIMcd7XoAnydZZj4eRj.pdf\",\"original_name\":\"Everest Full Syn 0W-20 Tech Sheet.pdf\"},{\"download_link\":\"products\\/October2018\\/fNirU3OpYFqYDIWmoI8j.pdf\",\"original_name\":\"FULL SYNTHETIC MOTOR OIL.pdf\"},{\"download_link\":\"products\\/October2018\\/jbP1DhMiu2gQ0Ra1z55l.pdf\",\"original_name\":\"Safety Data Sheet 0w-20.pdf\"}]','0w-20-full-synthetic-motor-oil_',NULL,NULL,1,1,1,1,'2018-10-31 20:26:00','2018-11-18 20:45:16',NULL,NULL,NULL,NULL,NULL,NULL,NULL,NULL,NULL,NULL,NULL,NULL,NULL,NULL,NULL),(13,2,'0W-40 FULL SYNTHETIC MOTOR OIL',NULL,NULL,'Everest Extreme Performance Full Synthetic Motor Oils are premium quality multi-grade motor oils formulated from selected superior base oils and advance high performance engine oil additive technology.','<p class=\"MsoNormal\" style=\"box-sizing: border-box; margin: 0px; padding: 0px; border: 0px; outline: 0px; font-size: 13px; vertical-align: baseline; background-image: initial; background-position: initial; background-size: initial; background-repeat: initial; background-attachment: initial; background-origin: initial; background-clip: initial; line-height: 30px; color: #454545; font-family: \'Open Sans\', sans-serif;\">Everest Extreme Performance Full Synthetic Motor Oils are premium quality multi-grade&nbsp;motor oils&nbsp;formulated from selected superior base oils and advance high performance engine oil additive technology.</p>\r\n<p class=\"MsoNormal\" style=\"box-sizing: border-box; margin: 0px; padding: 0px; border: 0px; outline: 0px; font-size: 13px; vertical-align: baseline; background-image: initial; background-position: initial; background-size: initial; background-repeat: initial; background-attachment: initial; background-origin: initial; background-clip: initial; line-height: 30px; color: #454545; font-family: \'Open Sans\', sans-serif;\">Everest Extreme Performance Full Synthetic Motor Oils are fully licensed to meet or exceed the latest American Petroleum Institute SN service classification for use in passenger car, vans, sports utility vehicles, light duty trucks, powerboats, motorcycles and other mobile and stationary equipment where engine life and performance are important.</p>\r\n<p class=\"MsoNormal\" style=\"box-sizing: border-box; margin: 0px; padding: 0px; border: 0px; outline: 0px; font-size: 13px; vertical-align: baseline; background-image: initial; background-position: initial; background-size: initial; background-repeat: initial; background-attachment: initial; background-origin: initial; background-clip: initial; line-height: 30px; color: #454545; font-family: \'Open Sans\', sans-serif;\">Everest Extreme Performance Full Synthetic Motor Oils outperform conventional motor oils and are designed especially for turbo-charged and high RPM engines which experience high heat. Everest Full Synthetic Motor Oils are formulated with low friction additives to help improve fuel economy and provide quick flow to critical parts at start-up to reduce wear.</p>\r\n<p class=\"MsoNormal\" style=\"box-sizing: border-box; margin: 0px; padding: 0px; border: 0px; outline: 0px; font-size: 13px; vertical-align: baseline; background-image: initial; background-position: initial; background-size: initial; background-repeat: initial; background-attachment: initial; background-origin: initial; background-clip: initial; line-height: 30px; color: #454545; font-family: \'Open Sans\', sans-serif;\">Everest Extreme Performance Full Synthetic 5W-20, 5W-30 and 10W-30 motor oils meet or exceed car manufacturers ILSAC GF-5 and American Petroleum Institute API Resource Conserving SN service classification have been field tested to be comparable to American, European and Japanese manufacturers&rsquo; standards: ACEA A1/B1 &amp; A5/B5, Ford WSS-M2C930A and WSS-M2C945A (5W-20), and WSS-M2C929A and WSS-M2C946A (5W-30); Chrysler MS 6395, dexos, and GM 6094M and other specifications where a full synthetic SN motor oil is recommended.</p>','products/November2018/5KSP61Lj9ZZR6bniJQPK.jpg',NULL,'[{\"download_link\":\"products\\/November2018\\/TCcZVBxuCMdC8Fyu0Tnk.pdf\",\"original_name\":\"Everest Full Syn 0W-40 Tech Sheet.pdf\"},{\"download_link\":\"products\\/November2018\\/UqONHKi9LqnO4Hi6NEAO.pdf\",\"original_name\":\"FULL SYNTHETIC MOTOR OIL.pdf\"},{\"download_link\":\"products\\/November2018\\/IdOgPWUViio5vnFENQXl.pdf\",\"original_name\":\"Safety Data Sheet.pdf\"}]','0w-40-full-synthetic-motor-oil',NULL,NULL,1,1,1,1,'2018-11-01 21:04:53','2018-11-18 20:45:16',NULL,NULL,NULL,NULL,NULL,NULL,NULL,NULL,NULL,NULL,NULL,NULL,NULL,NULL,NULL),(14,3,'5W-20 SYNTHETIC BLEND MOTOR OIL EXTREME PERFORMANCE',NULL,NULL,'Everest Extreme Performance Synthetic Blend Motor Oils are premium multi-grad e motor oils designed for maximum engine protection even under the toughest driving conditions. Blended from quality lube base stocks and special additives are designed for all weather conditions.','<p class=\"MsoNormal\">Everest Extreme Performance Synthetic Blend&nbsp;Motor Oils&nbsp;are premium multi-grad e motor oils designed for maximum engine protection even under the toughest driving conditions. Blended from quality lube base stocks and special additives are designed for all weather conditions.</p>\r\n<p class=\"MsoNormal\">Everest Extreme Performance Synthetic Blend Motor Oils are fully licensed to meet or exceed the latest American Petroleum Institute SN service classification for use in passenger car, vans, sports utility vehicles, light duty trucks and other mobile and stationary engines.</p>\r\n<p class=\"MsoNormal\">Everest Extreme Performance Synthetic Blend Motor Oils outperforms conventional motor oil, reduces friction and wear at start-up and protects your engine against performance robbing sludge and varnish deposits and help improve fuel economy.</p>\r\n<p class=\"MsoNormal\">Everest Extreme Performance Synthetic Blend 5W-20, 5W-30 and 10W-30 motor oils meet or exceed car manufacturers ILSAC GF-5 and American Petroleum Institute API Resource Conserving SN service classification and have been field tested to be comparable to American, European and Japanese manufacturers&rsquo; standards: ACEA A1/B1 &amp; A5/B5, Ford WSS-M2C930A and WSS-M2C945A (5W-20), and WSS-M2C929A and WSS-M2C946A (5W-30); Chrysler MS 6395, dexos, and GM 6094M and other specifications where a premium API SN synthetic blend motor oil is recommended.</p>','products/November2018/Xte4NEqGIA9to4qiPrEi.jpg','[\"products\\/November2018\\/mUdCSG4h5cZI8TpTOMJ7.jpg\"]','[{\"download_link\":\"products\\/November2018\\/Rkmf3ArCf0JNUkhkwXfx.pdf\",\"original_name\":\"Everest Syn Blend 5W-20 Tech Sheet.pdf\"},{\"download_link\":\"products\\/November2018\\/zAFMeuHiU29QkNL1X5yJ.pdf\",\"original_name\":\"Satety Data Sheet.pdf\"},{\"download_link\":\"products\\/November2018\\/lQzxeqfZbFDhqtKmoxLz.pdf\",\"original_name\":\"Synthetic Blend Motor Oil.pdf\"}]','5w-20-everest-synthetic-blend-motor-oils-extreme-performance',NULL,NULL,1,1,1,1,'2018-11-01 21:39:54','2018-11-18 20:45:16',NULL,NULL,NULL,NULL,NULL,NULL,NULL,NULL,NULL,NULL,NULL,NULL,NULL,NULL,NULL),(15,4,'5W-30 SYNTHETIC BLEND MOTOR OIL EXTREME PERFORMANCE',NULL,NULL,'Everest Extreme Performance Synthetic Blend Motor Oils are premium multi-grad e motor oils designed for maximum engine protection even under the toughest driving conditions. Blended from quality lube base stocks and special additives are designed for all weather conditions.','<p class=\"MsoNormal\" style=\"box-sizing: border-box; margin: 0px; padding: 0px; border: 0px; outline: 0px; font-size: 13px; vertical-align: baseline; background-image: initial; background-position: initial; background-size: initial; background-repeat: initial; background-attachment: initial; background-origin: initial; background-clip: initial; line-height: 30px; color: #454545; font-family: \'Open Sans\', sans-serif;\">Everest Extreme Performance Synthetic Blend&nbsp;Motor Oils&nbsp;are premium multi-grad e motor oils designed for maximum engine protection even under the toughest driving conditions. Blended from quality lube base stocks and special additives are designed for all weather conditions.</p>\r\n<p class=\"MsoNormal\" style=\"box-sizing: border-box; margin: 0px; padding: 0px; border: 0px; outline: 0px; font-size: 13px; vertical-align: baseline; background-image: initial; background-position: initial; background-size: initial; background-repeat: initial; background-attachment: initial; background-origin: initial; background-clip: initial; line-height: 30px; color: #454545; font-family: \'Open Sans\', sans-serif;\">Everest Extreme Performance Synthetic Blend Motor Oils are fully licensed to meet or exceed the latest American Petroleum Institute SN service classification for use in passenger car, vans, sports utility vehicles, light duty trucks and other mobile and stationary engines.</p>\r\n<p class=\"MsoNormal\" style=\"box-sizing: border-box; margin: 0px; padding: 0px; border: 0px; outline: 0px; font-size: 13px; vertical-align: baseline; background-image: initial; background-position: initial; background-size: initial; background-repeat: initial; background-attachment: initial; background-origin: initial; background-clip: initial; line-height: 30px; color: #454545; font-family: \'Open Sans\', sans-serif;\">Everest Extreme Performance Synthetic Blend Motor Oils outperforms conventional motor oil, reduces friction and wear at start-up and protects your engine against performance robbing sludge and varnish deposits and help improve fuel economy.</p>\r\n<p class=\"MsoNormal\" style=\"box-sizing: border-box; margin: 0px; padding: 0px; border: 0px; outline: 0px; font-size: 13px; vertical-align: baseline; background-image: initial; background-position: initial; background-size: initial; background-repeat: initial; background-attachment: initial; background-origin: initial; background-clip: initial; line-height: 30px; color: #454545; font-family: \'Open Sans\', sans-serif;\">Everest Extreme Performance Synthetic Blend 5W-20, 5W-30 and 10W-30 motor oils meet or exceed car manufacturers ILSAC GF-5 and American Petroleum Institute API Resource Conserving SN service classification and have been field tested to be comparable to American, European and Japanese manufacturers&rsquo; standards: ACEA A1/B1 &amp; A5/B5, Ford WSS-M2C930A and WSS-M2C945A (5W-20), and WSS-M2C929A and WSS-M2C946A (5W-30); Chrysler MS 6395, dexos, and GM 6094M and other specifications where a premium API SN synthetic blend motor oil is recommended.</p>','products/November2018/8MmAaf1rEoFbYUNsJuo6.jpg','[\"products\\/November2018\\/Vy6FOh9TcOgnEWMLRsYQ.jpg\",\"products\\/November2018\\/P3T5bIJoujzom46x0lnx.jpg\"]','[{\"download_link\":\"products\\/November2018\\/KrtLpJPTFubg4jkab7Y9.pdf\",\"original_name\":\"Everest Syn Blend 5W-30 Tech Sheet.pdf\"},{\"download_link\":\"products\\/November2018\\/isSbEJRyu7idqyrvFboV.pdf\",\"original_name\":\"Satety Data Sheet.pdf\"},{\"download_link\":\"products\\/November2018\\/zryNjd49vVJ6iJ4A3KR2.pdf\",\"original_name\":\"Synthetic Blend Motor Oil.pdf\"}]','5w-30-everest-synthetic-blend-motor-oils-extreme-performance',NULL,NULL,1,1,1,1,'2018-11-01 21:44:37','2018-11-18 20:45:16',NULL,NULL,NULL,NULL,NULL,NULL,NULL,NULL,NULL,NULL,NULL,NULL,NULL,NULL,NULL),(16,5,'5W-20 FULL SYNTHETIC MOTOR OIL',NULL,NULL,'Everest Extreme Performance Full Synthetic Motor Oils are premium quality multi-grade motor oils formulated from selected superior base oils and advance high performance engine oil additive technology.','<p class=\"MsoNormal\" style=\"box-sizing: border-box; margin: 0px; padding: 0px; border: 0px; outline: 0px; font-size: 13px; vertical-align: baseline; background-image: initial; background-position: initial; background-size: initial; background-repeat: initial; background-attachment: initial; background-origin: initial; background-clip: initial; line-height: 30px; color: #454545; font-family: \'Open Sans\', sans-serif;\">Everest Extreme Performance Full Synthetic Motor Oils are premium quality multi-grade&nbsp;motor oils&nbsp;formulated from selected superior base oils and advance high performance engine oil additive technology.</p>\r\n<p class=\"MsoNormal\" style=\"box-sizing: border-box; margin: 0px; padding: 0px; border: 0px; outline: 0px; font-size: 13px; vertical-align: baseline; background-image: initial; background-position: initial; background-size: initial; background-repeat: initial; background-attachment: initial; background-origin: initial; background-clip: initial; line-height: 30px; color: #454545; font-family: \'Open Sans\', sans-serif;\">Everest Extreme Performance Full Synthetic Motor Oils are fully licensed to meet or exceed the latest American Petroleum Institute SN service classification for use in passenger car, vans, sports utility vehicles, light duty trucks, powerboats, motorcycles and other mobile and stationary equipment where engine life and performance are important.</p>\r\n<p class=\"MsoNormal\" style=\"box-sizing: border-box; margin: 0px; padding: 0px; border: 0px; outline: 0px; font-size: 13px; vertical-align: baseline; background-image: initial; background-position: initial; background-size: initial; background-repeat: initial; background-attachment: initial; background-origin: initial; background-clip: initial; line-height: 30px; color: #454545; font-family: \'Open Sans\', sans-serif;\">Everest Extreme Performance Full Synthetic Motor Oils outperform conventional motor oils and are designed especially for turbo-charged and high RPM engines which experience high heat. Everest Full Synthetic Motor Oils are formulated with low friction additives to help improve fuel economy and provide quick flow to critical parts at start-up to reduce wear.</p>\r\n<p class=\"MsoNormal\" style=\"box-sizing: border-box; margin: 0px; padding: 0px; border: 0px; outline: 0px; font-size: 13px; vertical-align: baseline; background-image: initial; background-position: initial; background-size: initial; background-repeat: initial; background-attachment: initial; background-origin: initial; background-clip: initial; line-height: 30px; color: #454545; font-family: \'Open Sans\', sans-serif;\">Everest Extreme Performance Full Synthetic 5W-20, 5W-30 and 10W-30 motor oils meet or exceed car manufacturers ILSAC GF-5 and American Petroleum Institute API Resource Conserving SN service classification have been field tested to be comparable to American, European and Japanese manufacturers&rsquo; standards: ACEA A1/B1 &amp; A5/B5, Ford WSS-M2C930A and WSS-M2C945A (5W-20), and WSS-M2C929A and WSS-M2C946A (5W-30); Chrysler MS 6395, dexos, and GM 6094M and other specifications where a full synthetic SN motor oil is recommended.</p>','products/November2018/tk54VkVCsjdlXxNWqzNq.jpg','[\"products\\/November2018\\/YyTIImSqdXQxMrYhfMfu.jpg\"]','[{\"download_link\":\"products\\/November2018\\/UwSwL65M09neIBp2O0Hd.pdf\",\"original_name\":\"Everest Full Syn 5W-20 Tech Sheet.pdf\"},{\"download_link\":\"products\\/November2018\\/9h2RrBMopGJLZwdBGAG0.pdf\",\"original_name\":\"FULL SYNTHETIC MOTOR OIL.pdf\"},{\"download_link\":\"products\\/November2018\\/lnPygNsh0lLsmVjdrzFE.pdf\",\"original_name\":\"Safety Data Sheet.pdf\"}]','5w-20-full-synthetic-motor-oil',NULL,NULL,0,0,0,0,'2018-11-02 17:03:02','2018-11-18 20:45:16',NULL,NULL,NULL,NULL,NULL,NULL,NULL,NULL,NULL,NULL,NULL,NULL,NULL,NULL,NULL),(17,6,'5W-30 FULL SYNTHETIC MOTOR OIL',NULL,NULL,'Everest Extreme Performance Full Synthetic Motor Oils are premium quality multi-grade motor oils formulated from selected superior base oils and advance high performance engine oil additive technology.','<p class=\"MsoNormal\" style=\"box-sizing: border-box; margin: 0px; padding: 0px; border: 0px; outline: 0px; font-size: 13px; vertical-align: baseline; background-image: initial; background-position: initial; background-size: initial; background-repeat: initial; background-attachment: initial; background-origin: initial; background-clip: initial; line-height: 30px; color: #454545; font-family: \'Open Sans\', sans-serif;\">Everest Extreme Performance Full Synthetic Motor Oils are premium quality multi-grade&nbsp;motor oils&nbsp;formulated from selected superior base oils and advance high performance engine oil additive technology.</p>\r\n<p class=\"MsoNormal\" style=\"box-sizing: border-box; margin: 0px; padding: 0px; border: 0px; outline: 0px; font-size: 13px; vertical-align: baseline; background-image: initial; background-position: initial; background-size: initial; background-repeat: initial; background-attachment: initial; background-origin: initial; background-clip: initial; line-height: 30px; color: #454545; font-family: \'Open Sans\', sans-serif;\">Everest Extreme Performance Full Synthetic Motor Oils are fully licensed to meet or exceed the latest American Petroleum Institute SN service classification for use in passenger car, vans, sports utility vehicles, light duty trucks, powerboats, motorcycles and other mobile and stationary equipment where engine life and performance are important.</p>\r\n<p class=\"MsoNormal\" style=\"box-sizing: border-box; margin: 0px; padding: 0px; border: 0px; outline: 0px; font-size: 13px; vertical-align: baseline; background-image: initial; background-position: initial; background-size: initial; background-repeat: initial; background-attachment: initial; background-origin: initial; background-clip: initial; line-height: 30px; color: #454545; font-family: \'Open Sans\', sans-serif;\">Everest Extreme Performance Full Synthetic Motor Oils outperform conventional motor oils and are designed especially for turbo-charged and high RPM engines which experience high heat. Everest Full Synthetic Motor Oils are formulated with low friction additives to help improve fuel economy and provide quick flow to critical parts at start-up to reduce wear.</p>\r\n<p class=\"MsoNormal\" style=\"box-sizing: border-box; margin: 0px; padding: 0px; border: 0px; outline: 0px; font-size: 13px; vertical-align: baseline; background-image: initial; background-position: initial; background-size: initial; background-repeat: initial; background-attachment: initial; background-origin: initial; background-clip: initial; line-height: 30px; color: #454545; font-family: \'Open Sans\', sans-serif;\">Everest Extreme Performance Full Synthetic 5W-20, 5W-30 and 10W-30 motor oils meet or exceed car manufacturers ILSAC GF-5 and American Petroleum Institute API Resource Conserving SN service classification have been field tested to be comparable to American, European and Japanese manufacturers&rsquo; standards: ACEA A1/B1 &amp; A5/B5, Ford WSS-M2C930A and WSS-M2C945A (5W-20), and WSS-M2C929A and WSS-M2C946A (5W-30); Chrysler MS 6395, dexos, and GM 6094M and other specifications where a full synthetic SN motor oil is recommended.</p>','products/November2018/HrHBgdMS6GWiu5V5DRu2.jpg','[\"products\\/November2018\\/OlXAUdqm3NDoceECbv0i.jpg\"]','[{\"download_link\":\"products\\/November2018\\/SDdzwvt57YySG90LjufF.pdf\",\"original_name\":\"Everest Full Syn 5W-30 Tech Sheet.pdf\"},{\"download_link\":\"products\\/November2018\\/z3N2CF0r4nQXk5S2CGoA.pdf\",\"original_name\":\"FULL SYNTHETIC MOTOR OIL.pdf\"},{\"download_link\":\"products\\/November2018\\/RPCunO0aJ8PDYuPXyP9F.pdf\",\"original_name\":\"Safety Data Sheet.pdf\"}]','5w-30-full-synthetic-motor-oil',NULL,NULL,0,0,0,0,'2018-11-02 17:11:43','2018-11-18 20:45:16',NULL,NULL,NULL,NULL,NULL,NULL,NULL,NULL,NULL,NULL,NULL,NULL,NULL,NULL,NULL),(18,7,'5W-40 FULL SYNTHETIC MOTOR OIL',NULL,NULL,'Everest Extreme Performance Full Synthetic Motor Oils are premium quality multi-grade motor oils formulated from selected superior base oils and advance high performance engine oil additive technology.','<p class=\"MsoNormal\" style=\"box-sizing: border-box; margin: 0px; padding: 0px; border: 0px; outline: 0px; font-size: 13px; vertical-align: baseline; background-image: initial; background-position: initial; background-size: initial; background-repeat: initial; background-attachment: initial; background-origin: initial; background-clip: initial; line-height: 30px; color: #454545; font-family: \'Open Sans\', sans-serif;\">Everest Extreme Performance Full Synthetic Motor Oils are premium quality multi-grade&nbsp;motor oils&nbsp;formulated from selected superior base oils and advance high performance engine oil additive technology.</p>\r\n<p class=\"MsoNormal\" style=\"box-sizing: border-box; margin: 0px; padding: 0px; border: 0px; outline: 0px; font-size: 13px; vertical-align: baseline; background-image: initial; background-position: initial; background-size: initial; background-repeat: initial; background-attachment: initial; background-origin: initial; background-clip: initial; line-height: 30px; color: #454545; font-family: \'Open Sans\', sans-serif;\">Everest Extreme Performance Full Synthetic Motor Oils are fully licensed to meet or exceed the latest American Petroleum Institute SN service classification for use in passenger car, vans, sports utility vehicles, light duty trucks, powerboats, motorcycles and other mobile and stationary equipment where engine life and performance are important.</p>\r\n<p class=\"MsoNormal\" style=\"box-sizing: border-box; margin: 0px; padding: 0px; border: 0px; outline: 0px; font-size: 13px; vertical-align: baseline; background-image: initial; background-position: initial; background-size: initial; background-repeat: initial; background-attachment: initial; background-origin: initial; background-clip: initial; line-height: 30px; color: #454545; font-family: \'Open Sans\', sans-serif;\">Everest Extreme Performance Full Synthetic Motor Oils outperform conventional motor oils and are designed especially for turbo-charged and high RPM engines which experience high heat. Everest Full Synthetic Motor Oils are formulated with low friction additives to help improve fuel economy and provide quick flow to critical parts at start-up to reduce wear.</p>\r\n<p class=\"MsoNormal\" style=\"box-sizing: border-box; margin: 0px; padding: 0px; border: 0px; outline: 0px; font-size: 13px; vertical-align: baseline; background-image: initial; background-position: initial; background-size: initial; background-repeat: initial; background-attachment: initial; background-origin: initial; background-clip: initial; line-height: 30px; color: #454545; font-family: \'Open Sans\', sans-serif;\">Everest Extreme Performance Full Synthetic 5W-20, 5W-30 and 10W-30 motor oils meet or exceed car manufacturers ILSAC GF-5 and American Petroleum Institute API Resource Conserving SN service classification have been field tested to be comparable to American, European and Japanese manufacturers&rsquo; standards: ACEA A1/B1 &amp; A5/B5, Ford WSS-M2C930A and WSS-M2C945A (5W-20), and WSS-M2C929A and WSS-M2C946A (5W-30); Chrysler MS 6395, dexos, and GM 6094M and other specifications where a full synthetic SN motor oil is recommended.</p>','products/November2018/gCJcN6RoVtEiJa0tBUWx.jpg','[\"products\\/November2018\\/eaoTbXl5L2vsAZvFUgY7.jpg\"]','[{\"download_link\":\"products\\/November2018\\/IdzL36dj39vMysm6mtY3.pdf\",\"original_name\":\"Everest Full Syn 5W-40 Tech Sheet.pdf\"},{\"download_link\":\"products\\/November2018\\/QKOaiH0gXJEwX8YtfjOG.pdf\",\"original_name\":\"FULL SYNTHETIC MOTOR OIL.pdf\"},{\"download_link\":\"products\\/November2018\\/cZkUgQpG6tZtp9ijrvCC.pdf\",\"original_name\":\"Safety Data Sheet.pdf\"}]','5w-40-full-synthetic-motor-oil',NULL,NULL,0,0,0,0,'2018-11-02 17:19:27','2018-11-18 20:45:16',NULL,NULL,NULL,NULL,NULL,NULL,NULL,NULL,NULL,NULL,NULL,NULL,NULL,NULL,NULL),(19,8,'10W-30 FULL SYNTHETIC MOTOR OIL',NULL,NULL,'Everest Extreme Performance Full Synthetic Motor Oils are premium quality multi-grade motor oils formulated from selected superior base oils and advance high performance engine oil additive technology.','<p class=\"MsoNormal\" style=\"box-sizing: border-box; margin: 0px; padding: 0px; border: 0px; outline: 0px; font-size: 13px; vertical-align: baseline; background-image: initial; background-position: initial; background-size: initial; background-repeat: initial; background-attachment: initial; background-origin: initial; background-clip: initial; line-height: 30px; color: #454545; font-family: \'Open Sans\', sans-serif;\">Everest Extreme Performance Full Synthetic Motor Oils are premium quality multi-grade&nbsp;motor oils&nbsp;formulated from selected superior base oils and advance high performance engine oil additive technology.</p>\r\n<p class=\"MsoNormal\" style=\"box-sizing: border-box; margin: 0px; padding: 0px; border: 0px; outline: 0px; font-size: 13px; vertical-align: baseline; background-image: initial; background-position: initial; background-size: initial; background-repeat: initial; background-attachment: initial; background-origin: initial; background-clip: initial; line-height: 30px; color: #454545; font-family: \'Open Sans\', sans-serif;\">Everest Extreme Performance Full Synthetic Motor Oils are fully licensed to meet or exceed the latest American Petroleum Institute SN service classification for use in passenger car, vans, sports utility vehicles, light duty trucks, powerboats, motorcycles and other mobile and stationary equipment where engine life and performance are important.</p>\r\n<p class=\"MsoNormal\" style=\"box-sizing: border-box; margin: 0px; padding: 0px; border: 0px; outline: 0px; font-size: 13px; vertical-align: baseline; background-image: initial; background-position: initial; background-size: initial; background-repeat: initial; background-attachment: initial; background-origin: initial; background-clip: initial; line-height: 30px; color: #454545; font-family: \'Open Sans\', sans-serif;\">Everest Extreme Performance Full Synthetic Motor Oils outperform conventional motor oils and are designed especially for turbo-charged and high RPM engines which experience high heat. Everest Full Synthetic Motor Oils are formulated with low friction additives to help improve fuel economy and provide quick flow to critical parts at start-up to reduce wear.</p>\r\n<p class=\"MsoNormal\" style=\"box-sizing: border-box; margin: 0px; padding: 0px; border: 0px; outline: 0px; font-size: 13px; vertical-align: baseline; background-image: initial; background-position: initial; background-size: initial; background-repeat: initial; background-attachment: initial; background-origin: initial; background-clip: initial; line-height: 30px; color: #454545; font-family: \'Open Sans\', sans-serif;\">Everest Extreme Performance Full Synthetic 5W-20, 5W-30 and 10W-30 motor oils meet or exceed car manufacturers ILSAC GF-5 and American Petroleum Institute API Resource Conserving SN service classification have been field tested to be comparable to American, European and Japanese manufacturers&rsquo; standards: ACEA A1/B1 &amp; A5/B5, Ford WSS-M2C930A and WSS-M2C945A (5W-20), and WSS-M2C929A and WSS-M2C946A (5W-30); Chrysler MS 6395, dexos, and GM 6094M and other specifications where a full synthetic SN motor oil is recommended.</p>','products/November2018/yu5kIuDbcyVwB9ySc6b3.jpg','[\"products\\/November2018\\/WuY9p6SSW7bg28BTBdrc.jpg\",\"products\\/November2018\\/w7tXXROxpDuiuVqjPPEL.jpg\"]','[{\"download_link\":\"products\\/November2018\\/Ehn2Xql2GELPTnrFxzQy.pdf\",\"original_name\":\"Everest Full Syn 10W-30 Tech Sheet.pdf\"},{\"download_link\":\"products\\/November2018\\/ANauoNkGSXr6avgKD0aa.pdf\",\"original_name\":\"FULL SYNTHETIC MOTOR OIL.pdf\"},{\"download_link\":\"products\\/November2018\\/z0qT1Zvjyv8VwfdEbGkT.pdf\",\"original_name\":\"Safety Data Sheet.pdf\"}]','10w-30-full-synthetic-motor-oil',NULL,NULL,0,0,0,0,'2018-11-02 17:45:26','2018-11-18 20:45:16',NULL,NULL,NULL,NULL,NULL,NULL,NULL,NULL,NULL,NULL,NULL,NULL,NULL,NULL,NULL),(20,9,'5W-40 SYNTHETIC BLEND MOTOR OIL EXTREME PERFORMANCE',NULL,NULL,'Everest Extreme Performance Synthetic Blend Motor Oils are premium multi-grad e motor oils designed for maximum engine protection even under the toughest driving conditions. Blended from quality lube base stocks and special additives are designed for all weather conditions.','<p class=\"MsoNormal\" style=\"box-sizing: border-box; margin: 0px; padding: 0px; border: 0px; outline: 0px; font-size: 13px; vertical-align: baseline; background-image: initial; background-position: initial; background-size: initial; background-repeat: initial; background-attachment: initial; background-origin: initial; background-clip: initial; line-height: 30px; color: #454545; font-family: \'Open Sans\', sans-serif;\">Everest Extreme Performance Synthetic Blend&nbsp;Motor Oils&nbsp;are premium multi-grad e motor oils designed for maximum engine protection even under the toughest driving conditions. Blended from quality lube base stocks and special additives are designed for all weather conditions.</p>\r\n<p class=\"MsoNormal\" style=\"box-sizing: border-box; margin: 0px; padding: 0px; border: 0px; outline: 0px; font-size: 13px; vertical-align: baseline; background-image: initial; background-position: initial; background-size: initial; background-repeat: initial; background-attachment: initial; background-origin: initial; background-clip: initial; line-height: 30px; color: #454545; font-family: \'Open Sans\', sans-serif;\">Everest Extreme Performance Synthetic Blend Motor Oils are fully licensed to meet or exceed the latest American Petroleum Institute SN service classification for use in passenger car, vans, sports utility vehicles, light duty trucks and other mobile and stationary engines.</p>\r\n<p class=\"MsoNormal\" style=\"box-sizing: border-box; margin: 0px; padding: 0px; border: 0px; outline: 0px; font-size: 13px; vertical-align: baseline; background-image: initial; background-position: initial; background-size: initial; background-repeat: initial; background-attachment: initial; background-origin: initial; background-clip: initial; line-height: 30px; color: #454545; font-family: \'Open Sans\', sans-serif;\">Everest Extreme Performance Synthetic Blend Motor Oils outperforms conventional motor oil, reduces friction and wear at start-up and protects your engine against performance robbing sludge and varnish deposits and help improve fuel economy.</p>\r\n<p class=\"MsoNormal\" style=\"box-sizing: border-box; margin: 0px; padding: 0px; border: 0px; outline: 0px; font-size: 13px; vertical-align: baseline; background-image: initial; background-position: initial; background-size: initial; background-repeat: initial; background-attachment: initial; background-origin: initial; background-clip: initial; line-height: 30px; color: #454545; font-family: \'Open Sans\', sans-serif;\">Everest Extreme Performance Synthetic Blend 5W-20, 5W-30 and 10W-30 motor oils meet or exceed car manufacturers ILSAC GF-5 and American Petroleum Institute API Resource Conserving SN service classification and have been field tested to be comparable to American, European and Japanese manufacturers&rsquo; standards: ACEA A1/B1 &amp; A5/B5, Ford WSS-M2C930A and WSS-M2C945A (5W-20), and WSS-M2C929A and WSS-M2C946A (5W-30); Chrysler MS 6395, dexos, and GM 6094M and other specifications where a premium API SN synthetic blend motor oil is recommended.</p>','products/November2018/GdT69DTLW8KciPbBsBhz.jpg','[\"products\\/November2018\\/mrd8sa1ARQSRDWsuJfpV.jpg\"]','[{\"download_link\":\"products\\/November2018\\/ibgdxJIvalBY4LbmRbkd.pdf\",\"original_name\":\"Everest Syn Blend 5W-40 Tech Sheet.pdf\"},{\"download_link\":\"products\\/November2018\\/dfvSUAJyYiXxqLUNJ9cQ.pdf\",\"original_name\":\"Satety Data Sheet.pdf\"},{\"download_link\":\"products\\/November2018\\/JMHJ8PenPtbkM0irPsPX.pdf\",\"original_name\":\"Synthetic Blend Motor Oil.pdf\"}]','5w-40-everest-synthetic-blend-motor-oils-extreme-performance',NULL,NULL,0,0,0,0,'2018-11-02 18:43:04','2018-11-18 20:45:16',NULL,NULL,NULL,NULL,NULL,NULL,NULL,NULL,NULL,NULL,NULL,NULL,NULL,NULL,NULL),(21,10,'10W-30 SYNTHETIC BLEND MOTOR OIL EXTREME PERFORMANCE',NULL,NULL,'Everest Extreme Performance Synthetic Blend Motor Oils are premium multi-grad e motor oils designed for maximum engine protection even under the toughest driving conditions. Blended from quality lube base stocks and special additives are designed for all weather conditions.','<p class=\"MsoNormal\" style=\"box-sizing: border-box; margin: 0px; padding: 0px; border: 0px; outline: 0px; font-size: 13px; vertical-align: baseline; background-image: initial; background-position: initial; background-size: initial; background-repeat: initial; background-attachment: initial; background-origin: initial; background-clip: initial; line-height: 30px; color: #454545; font-family: \'Open Sans\', sans-serif;\">Everest Extreme Performance Synthetic Blend&nbsp;Motor Oils&nbsp;are premium multi-grad e motor oils designed for maximum engine protection even under the toughest driving conditions. Blended from quality lube base stocks and special additives are designed for all weather conditions.</p>\r\n<p class=\"MsoNormal\" style=\"box-sizing: border-box; margin: 0px; padding: 0px; border: 0px; outline: 0px; font-size: 13px; vertical-align: baseline; background-image: initial; background-position: initial; background-size: initial; background-repeat: initial; background-attachment: initial; background-origin: initial; background-clip: initial; line-height: 30px; color: #454545; font-family: \'Open Sans\', sans-serif;\">Everest Extreme Performance Synthetic Blend Motor Oils are fully licensed to meet or exceed the latest American Petroleum Institute SN service classification for use in passenger car, vans, sports utility vehicles, light duty trucks and other mobile and stationary engines.</p>\r\n<p class=\"MsoNormal\" style=\"box-sizing: border-box; margin: 0px; padding: 0px; border: 0px; outline: 0px; font-size: 13px; vertical-align: baseline; background-image: initial; background-position: initial; background-size: initial; background-repeat: initial; background-attachment: initial; background-origin: initial; background-clip: initial; line-height: 30px; color: #454545; font-family: \'Open Sans\', sans-serif;\">Everest Extreme Performance Synthetic Blend Motor Oils outperforms conventional motor oil, reduces friction and wear at start-up and protects your engine against performance robbing sludge and varnish deposits and help improve fuel economy.</p>\r\n<p class=\"MsoNormal\" style=\"box-sizing: border-box; margin: 0px; padding: 0px; border: 0px; outline: 0px; font-size: 13px; vertical-align: baseline; background-image: initial; background-position: initial; background-size: initial; background-repeat: initial; background-attachment: initial; background-origin: initial; background-clip: initial; line-height: 30px; color: #454545; font-family: \'Open Sans\', sans-serif;\">Everest Extreme Performance Synthetic Blend 5W-20, 5W-30 and 10W-30 motor oils meet or exceed car manufacturers ILSAC GF-5 and American Petroleum Institute API Resource Conserving SN service classification and have been field tested to be comparable to American, European and Japanese manufacturers&rsquo; standards: ACEA A1/B1 &amp; A5/B5, Ford WSS-M2C930A and WSS-M2C945A (5W-20), and WSS-M2C929A and WSS-M2C946A (5W-30); Chrysler MS 6395, dexos, and GM 6094M and other specifications where a premium API SN synthetic blend motor oil is recommended.</p>','products/November2018/cSNbMpxZ9OAynPm7rj7u.jpg','[\"products\\/November2018\\/dVfnuVdWKyuSdz00q9kE.jpg\"]','[{\"download_link\":\"products\\/November2018\\/49wcEch06BzLARB9hHsP.pdf\",\"original_name\":\"Everest Syn Blend 10W-30 Tech Sheet.pdf\"},{\"download_link\":\"products\\/November2018\\/R5BCYsVIeyjFc0XrRMRB.pdf\",\"original_name\":\"Satety Data Sheet.pdf\"},{\"download_link\":\"products\\/November2018\\/K4ADrPH8LXKiLM6ZIn1N.pdf\",\"original_name\":\"Synthetic Blend Motor Oil.pdf\"}]','10w-30-synthetic-blend-motor-oil-extreme-performance',NULL,NULL,0,0,0,0,'2018-11-02 18:53:32','2018-11-18 20:45:16',NULL,NULL,NULL,NULL,NULL,NULL,NULL,NULL,NULL,NULL,NULL,NULL,NULL,NULL,NULL),(22,11,'10W-40 SYNTHETIC BLEND MOTOR OIL EXTREME PERFORMANCE',NULL,NULL,'Everest Extreme Performance Synthetic Blend Motor Oils are premium multi-grad e motor oils designed for maximum engine protection even under the toughest driving conditions. Blended from quality lube base stocks and special additives are designed for all weather conditions.','<p class=\"MsoNormal\" style=\"box-sizing: border-box; margin: 0px; padding: 0px; border: 0px; outline: 0px; font-size: 13px; vertical-align: baseline; background-image: initial; background-position: initial; background-size: initial; background-repeat: initial; background-attachment: initial; background-origin: initial; background-clip: initial; line-height: 30px; color: #454545; font-family: \'Open Sans\', sans-serif;\">Everest Extreme Performance Synthetic Blend&nbsp;Motor Oils&nbsp;are premium multi-grad e motor oils designed for maximum engine protection even under the toughest driving conditions. Blended from quality lube base stocks and special additives are designed for all weather conditions.</p>\r\n<p class=\"MsoNormal\" style=\"box-sizing: border-box; margin: 0px; padding: 0px; border: 0px; outline: 0px; font-size: 13px; vertical-align: baseline; background-image: initial; background-position: initial; background-size: initial; background-repeat: initial; background-attachment: initial; background-origin: initial; background-clip: initial; line-height: 30px; color: #454545; font-family: \'Open Sans\', sans-serif;\">Everest Extreme Performance Synthetic Blend Motor Oils are fully licensed to meet or exceed the latest American Petroleum Institute SN service classification for use in passenger car, vans, sports utility vehicles, light duty trucks and other mobile and stationary engines.</p>\r\n<p class=\"MsoNormal\" style=\"box-sizing: border-box; margin: 0px; padding: 0px; border: 0px; outline: 0px; font-size: 13px; vertical-align: baseline; background-image: initial; background-position: initial; background-size: initial; background-repeat: initial; background-attachment: initial; background-origin: initial; background-clip: initial; line-height: 30px; color: #454545; font-family: \'Open Sans\', sans-serif;\">Everest Extreme Performance Synthetic Blend Motor Oils outperforms conventional motor oil, reduces friction and wear at start-up and protects your engine against performance robbing sludge and varnish deposits and help improve fuel economy.</p>\r\n<p class=\"MsoNormal\" style=\"box-sizing: border-box; margin: 0px; padding: 0px; border: 0px; outline: 0px; font-size: 13px; vertical-align: baseline; background-image: initial; background-position: initial; background-size: initial; background-repeat: initial; background-attachment: initial; background-origin: initial; background-clip: initial; line-height: 30px; color: #454545; font-family: \'Open Sans\', sans-serif;\">Everest Extreme Performance Synthetic Blend 5W-20, 5W-30 and 10W-30 motor oils meet or exceed car manufacturers ILSAC GF-5 and American Petroleum Institute API Resource Conserving SN service classification and have been field tested to be comparable to American, European and Japanese manufacturers&rsquo; standards: ACEA A1/B1 &amp; A5/B5, Ford WSS-M2C930A and WSS-M2C945A (5W-20), and WSS-M2C929A and WSS-M2C946A (5W-30); Chrysler MS 6395, dexos, and GM 6094M and other specifications where a premium API SN synthetic blend motor oil is recommended.</p>','products/November2018/XmDBOnYxTwv0TT1u7At1.jpg','[\"products\\/November2018\\/jrHV2OCJGbnWt7YEDs9M.jpg\"]','[{\"download_link\":\"products\\/November2018\\/SYZycFdwTVcqruCt32n4.pdf\",\"original_name\":\"Everest Syn Blend 10W-40 Tech Sheet.pdf\"},{\"download_link\":\"products\\/November2018\\/sflLmt5bfTzzbIoWp4BM.pdf\",\"original_name\":\"Satety Data Sheet.pdf\"},{\"download_link\":\"products\\/November2018\\/lLIsr01RGg7aPZOsYAmn.pdf\",\"original_name\":\"Synthetic Blend Motor Oil.pdf\"}]','10w-40-synthetic-blend-motor-oil-extreme-performance',NULL,NULL,0,0,0,0,'2018-11-02 18:56:17','2018-11-18 20:45:16',NULL,NULL,NULL,NULL,NULL,NULL,NULL,NULL,NULL,NULL,NULL,NULL,NULL,NULL,NULL),(23,12,'20W-50 SYNTHETIC BLEND MOTOR OIL EXTREME PERFORMANCE',NULL,NULL,'Everest Extreme Performance Synthetic Blend Motor Oils are premium multi-grad e motor oils designed for maximum engine protection even under the toughest driving conditions. Blended from quality lube base stocks and special additives are designed for all weather conditions.','<p class=\"MsoNormal\" style=\"box-sizing: border-box; margin: 0px; padding: 0px; border: 0px; outline: 0px; font-size: 13px; vertical-align: baseline; background-image: initial; background-position: initial; background-size: initial; background-repeat: initial; background-attachment: initial; background-origin: initial; background-clip: initial; line-height: 30px; color: #454545; font-family: \'Open Sans\', sans-serif;\">Everest Extreme Performance Synthetic Blend&nbsp;Motor Oils&nbsp;are premium multi-grad e motor oils designed for maximum engine protection even under the toughest driving conditions. Blended from quality lube base stocks and special additives are designed for all weather conditions.</p>\r\n<p class=\"MsoNormal\" style=\"box-sizing: border-box; margin: 0px; padding: 0px; border: 0px; outline: 0px; font-size: 13px; vertical-align: baseline; background-image: initial; background-position: initial; background-size: initial; background-repeat: initial; background-attachment: initial; background-origin: initial; background-clip: initial; line-height: 30px; color: #454545; font-family: \'Open Sans\', sans-serif;\">Everest Extreme Performance Synthetic Blend Motor Oils are fully licensed to meet or exceed the latest American Petroleum Institute SN service classification for use in passenger car, vans, sports utility vehicles, light duty trucks and other mobile and stationary engines.</p>\r\n<p class=\"MsoNormal\" style=\"box-sizing: border-box; margin: 0px; padding: 0px; border: 0px; outline: 0px; font-size: 13px; vertical-align: baseline; background-image: initial; background-position: initial; background-size: initial; background-repeat: initial; background-attachment: initial; background-origin: initial; background-clip: initial; line-height: 30px; color: #454545; font-family: \'Open Sans\', sans-serif;\">Everest Extreme Performance Synthetic Blend Motor Oils outperforms conventional motor oil, reduces friction and wear at start-up and protects your engine against performance robbing sludge and varnish deposits and help improve fuel economy.</p>\r\n<p class=\"MsoNormal\" style=\"box-sizing: border-box; margin: 0px; padding: 0px; border: 0px; outline: 0px; font-size: 13px; vertical-align: baseline; background-image: initial; background-position: initial; background-size: initial; background-repeat: initial; background-attachment: initial; background-origin: initial; background-clip: initial; line-height: 30px; color: #454545; font-family: \'Open Sans\', sans-serif;\">Everest Extreme Performance Synthetic Blend 5W-20, 5W-30 and 10W-30 motor oils meet or exceed car manufacturers ILSAC GF-5 and American Petroleum Institute API Resource Conserving SN service classification and have been field tested to be comparable to American, European and Japanese manufacturers&rsquo; standards: ACEA A1/B1 &amp; A5/B5, Ford WSS-M2C930A and WSS-M2C945A (5W-20), and WSS-M2C929A and WSS-M2C946A (5W-30); Chrysler MS 6395, dexos, and GM 6094M and other specifications where a premium API SN synthetic blend motor oil is recommended.</p>','products/November2018/gfPkACtEMnbm9bQI65NZ.jpg','[\"products\\/November2018\\/1E8U50972bFVKH0G6Sml.jpg\"]','[{\"download_link\":\"products\\/November2018\\/2QIvnZ0D7PzY6zXCYfy3.pdf\",\"original_name\":\"Everest Syn Blend 20W-50 Tech Sheet.pdf\"},{\"download_link\":\"products\\/November2018\\/aYt3BmHuNHSApBuvFBvO.pdf\",\"original_name\":\"Satety Data Sheet.pdf\"},{\"download_link\":\"products\\/November2018\\/iahayIZNKAIpIHUAqgrB.pdf\",\"original_name\":\"Synthetic Blend Motor Oil.pdf\"}]','20w-50-synthetic-blend-motor-oil-extreme-performance',NULL,NULL,0,0,0,0,'2018-11-02 18:58:58','2018-11-18 20:45:16',NULL,NULL,NULL,NULL,NULL,NULL,NULL,NULL,NULL,NULL,NULL,NULL,NULL,NULL,NULL),(24,13,'0W-20 DEXOS1 GEN2 FULL SYNTHETIC MOTOR OIL',NULL,NULL,'• Maximum full synthetic dexos1™ GEN2 protection\r\n• Exceeds ILSAC GF-5 / API SN\r\n• Helps optimize fuel economy','<p>&bull; Maximum full synthetic dexos1&trade; GEN2 protection</p>\r\n<p>&bull; Exceeds ILSAC GF-5 / API SN</p>\r\n<p>&bull; Helps optimize fuel economy</p>\r\n<p>Everest dexos1&trade; GEN2 Full Synthetic SAE 0W-20 and 5W-30 Motor Oil is formulated from select low-friction, full synthetic base stocks and an advanced technology additive system licensed by General Motors to meet their Global Engine Oil Specification. It provides excellent oxidation stability, superior resistance to sludge formation and varnish deposits, reduces friction and wear at start-up and protects your engine even under the toughest driving conditions. Everest dexos1&trade; GEN2 Full Synthetic Motor Oil is recommended for turbo-charged and high-powered passenger car, truck, sport utility vehicle and other mobile and stationary engines.</p>\r\n<p>Everest dexos1&trade; GEN2 Full Synthetic SAE 0W-20 and 5W-30 Motor Oil meets or exceeds stringent GM dexos1&trade; GEN2 requirements, car manufacturers&rsquo; ILSAC GF-5 specification and American Petroleum Institute (API) Resource Conserving SN service classification as well as all prior API and ILSAC categories.</p>','products/November2018/gMCGZwOgMneUEek0mF1R.jpg','[\"products\\/November2018\\/mG7CyM24I5IuuyQ3ok4h.jpg\",\"products\\/November2018\\/Rqn9iLzVfPyigWF9cmgi.jpg\"]','[{\"download_link\":\"products\\/November2018\\/5BaAIFX1cqxZ9EA2qHgw.pdf\",\"original_name\":\"FULL SYNTHETIC 0W-20 CERTIFICATE.pdf\"},{\"download_link\":\"products\\/November2018\\/SpuORsKKAqBDt4MFuuJW.pdf\",\"original_name\":\"Full Synthetic Motor Oil.pdf\"},{\"download_link\":\"products\\/November2018\\/PeDAJxL4PB1MsweAl3Kz.pdf\",\"original_name\":\"Safety Data Sheet.pdf\"}]','0w-20-dexos1-gen2-full-synthetic-motor-oil',NULL,NULL,0,0,0,0,'2018-11-02 19:17:26','2018-11-18 20:45:16',NULL,NULL,NULL,NULL,NULL,NULL,NULL,NULL,NULL,NULL,NULL,NULL,NULL,NULL,NULL),(25,14,'5W-30 DEXOS1 GEN2 FULL SYNTHETIC MOTOR OIL',NULL,NULL,'• Maximum full synthetic dexos1™ GEN2 protection\r\n• Exceeds ILSAC GF-5 / API SN\r\n• Helps optimize fuel economy','<p style=\"box-sizing: border-box; margin: 0px; padding: 0px; border: 0px; outline: 0px; font-size: 13px; vertical-align: baseline; background-image: initial; background-position: initial; background-size: initial; background-repeat: initial; background-attachment: initial; background-origin: initial; background-clip: initial; line-height: 30px; color: #454545; font-family: \'Open Sans\', sans-serif;\">&bull; Maximum full synthetic dexos1&trade; GEN2 protection</p>\r\n<p style=\"box-sizing: border-box; margin: 0px; padding: 0px; border: 0px; outline: 0px; font-size: 13px; vertical-align: baseline; background-image: initial; background-position: initial; background-size: initial; background-repeat: initial; background-attachment: initial; background-origin: initial; background-clip: initial; line-height: 30px; color: #454545; font-family: \'Open Sans\', sans-serif;\">&bull; Exceeds ILSAC GF-5 / API SN</p>\r\n<p style=\"box-sizing: border-box; margin: 0px; padding: 0px; border: 0px; outline: 0px; font-size: 13px; vertical-align: baseline; background-image: initial; background-position: initial; background-size: initial; background-repeat: initial; background-attachment: initial; background-origin: initial; background-clip: initial; line-height: 30px; color: #454545; font-family: \'Open Sans\', sans-serif;\">&bull; Helps optimize fuel economy</p>\r\n<p style=\"box-sizing: border-box; margin: 0px; padding: 0px; border: 0px; outline: 0px; font-size: 13px; vertical-align: baseline; background-image: initial; background-position: initial; background-size: initial; background-repeat: initial; background-attachment: initial; background-origin: initial; background-clip: initial; line-height: 30px; color: #454545; font-family: \'Open Sans\', sans-serif;\">Everest dexos1&trade; GEN2 Full Synthetic SAE 0W-20 and 5W-30 Motor Oil is formulated from select low-friction, full synthetic base stocks and an advanced technology additive system licensed by General Motors to meet their Global Engine Oil Specification. It provides excellent oxidation stability, superior resistance to sludge formation and varnish deposits, reduces friction and wear at start-up and protects your engine even under the toughest driving conditions. Everest dexos1&trade; GEN2 Full Synthetic Motor Oil is recommended for turbo-charged and high-powered passenger car, truck, sport utility vehicle and other mobile and stationary engines.</p>\r\n<p style=\"box-sizing: border-box; margin: 0px; padding: 0px; border: 0px; outline: 0px; font-size: 13px; vertical-align: baseline; background-image: initial; background-position: initial; background-size: initial; background-repeat: initial; background-attachment: initial; background-origin: initial; background-clip: initial; line-height: 30px; color: #454545; font-family: \'Open Sans\', sans-serif;\">Everest dexos1&trade; GEN2 Full Synthetic SAE 0W-20 and 5W-30 Motor Oil meets or exceeds stringent GM dexos1&trade; GEN2 requirements, car manufacturers&rsquo; ILSAC GF-5 specification and American Petroleum Institute (API) Resource Conserving SN service classification as well as all prior API and ILSAC categories.</p>','products/November2018/pzgUUTW1RlAA5tJCMbrG.jpg','[\"products\\/November2018\\/2tOqZ5q3Hb47EmbdBKHy.jpg\"]','[{\"download_link\":\"products\\/November2018\\/N9jNvJxSZzZC7o894NMQ.pdf\",\"original_name\":\"FULL SYNTHETIC 5W-30 CERTIFICATE.pdf\"},{\"download_link\":\"products\\/November2018\\/CUEAasRcvoapc0xcFsh0.pdf\",\"original_name\":\"Full Synthetic Motor Oil.pdf\"},{\"download_link\":\"products\\/November2018\\/HFyH9loCb56adUayUxiT.pdf\",\"original_name\":\"Safety Data Sheet.pdf\"}]','5w-30-dexos1-gen2-full-synthetic-motor-oil',NULL,NULL,0,0,0,0,'2018-11-02 19:22:50','2018-11-18 20:45:16',NULL,NULL,NULL,NULL,NULL,NULL,NULL,NULL,NULL,NULL,NULL,NULL,NULL,NULL,NULL),(26,15,'EURO LINE 5W-30 A3/B3 & A3/B4 SN FULL SYNTHETIC PASSENGER CAR MOTOR OIL',NULL,NULL,'Everest Euro Line full synthetic 5W-30 motor oil is an all-season, energy-saving oil with special additives of light stroke. It\'s safe for exhaust gas cleaning systems for both gasoline and diesel engines, and it\'s suitable for turbocharged engines as well.','<p><span style=\"color: #3a3b3e; font-family: Tahoma, sans-serif; font-size: 15px; text-align: justify;\">Everest Euro Line&nbsp;full&nbsp;synthetic 5W-30 motor oil is an all-season, energy-saving oil with special additives of light stroke. It\'s safe for exhaust gas cleaning systems for both gasoline and diesel engines, and it\'s suitable for turbocharged engines as well.&nbsp;</span></p>\r\n<p class=\"MsoNormal\">Motor oil&nbsp;protects engines from friction and wear during urban, high-speed, and sports-style driving. It guarantees an extension of the engine\'s service life and offers resistance to oxidation to prevent premature breakdown.&nbsp;</p>\r\n<p style=\"margin: 0px 0px 10px; padding: 0px; border: 0px; font-size: 15px; vertical-align: baseline; color: #3a3b3e; font-family: Tahoma, sans-serif; text-align: justify; line-height: 23px !important;\">Everest Euro Line 5W-30 motor oil extends the intervals between oil changes while maintaining the engine\'s characteristics and increasing its power. It allows the engine to run at lower temperatures and continues to provide protection at very high temperatures as well. Its excellent fluidity reduces mechanical friction losses in engine parts, providing tangible savings on fuel and lowering CO&sup2; emissions. This oil exceeds the admission standards of the American Petroleum Institute (API) SN, as well as earlier API categories. It\'s been tested for compatibility with most Asian, American, and European standards, including:</p>\r\n<p style=\"margin: 0px 0px 10px; padding: 0px; border: 0px; font-size: 15px; vertical-align: baseline; color: #3a3b3e; font-family: Tahoma, sans-serif; text-align: justify; line-height: 23px !important;\">&bull; ACEA A3/B3 &amp; A3/B4<br style=\"margin: 0px; padding: 0px; border: 0px;\" />&bull; ACEA A5/B5<br style=\"margin: 0px; padding: 0px; border: 0px;\" />&bull; ACEA A1/B1<br style=\"margin: 0px; padding: 0px; border: 0px;\" />&bull; API SN/CF<br style=\"margin: 0px; padding: 0px; border: 0px;\" />&bull; API SL/SF</p>\r\n<p style=\"margin: 0px 0px 10px; padding: 0px; border: 0px; font-size: 15px; vertical-align: baseline; color: #3a3b3e; font-family: Tahoma, sans-serif; text-align: justify; line-height: 23px !important;\">&bull; MB 229.3 (v2012.2)<br style=\"margin: 0px; padding: 0px; border: 0px;\" />&bull; MB 229.5 (v2012.2)<br style=\"margin: 0px; padding: 0px; border: 0px;\" />&bull; VW 502.00/505.00</p>\r\n<p style=\"margin: 0px 0px 10px; padding: 0px; border: 0px; font-size: 15px; vertical-align: baseline; color: #3a3b3e; font-family: Tahoma, sans-serif; text-align: justify; line-height: 23px !important;\">&bull; Renault RN 0710<br style=\"margin: 0px; padding: 0px; border: 0px;\" />&bull; Renault RN 0700<br style=\"margin: 0px; padding: 0px; border: 0px;\" />&bull; Opel GM-LL-A/B-025 (Demo)<br style=\"margin: 0px; padding: 0px; border: 0px;\" />&bull; JASO MA2 (T903-2011)</p>\r\n<h2 style=\"margin: 20px 0px 0px; padding: 0px; border: 0px; font-size: 15px; vertical-align: baseline; color: #3a3b3e; font-family: Tahoma, sans-serif; text-align: justify;\">The advantages of Euro line 5W-30 Everest are:</h2>\r\n<p style=\"margin: 0px 0px 10px; padding: 0px; border: 0px; font-size: 15px; vertical-align: baseline; color: #3a3b3e; font-family: Tahoma, sans-serif; text-align: justify; line-height: 23px !important;\">Prolongs the life of diesel particulate filters (DPF) and three-way catalysts (TWC)<br style=\"margin: 0px; padding: 0px; border: 0px;\" />Achieves excellent wear protection by using a special friction modifier<br style=\"margin: 0px; padding: 0px; border: 0px;\" />Offers maximum motor protection against wear, corrosion, deposits, and black slurry<br style=\"margin: 0px; padding: 0px; border: 0px;\" />Provides outstanding resistance to high temperatures<br style=\"margin: 0px; padding: 0px; border: 0px;\" />Reduces emissions of exhaust gases and energy consumption</p>','products/November2018/hvKVC5ndBLmflGfu09Th.jpg',NULL,NULL,'euro-line-5w-30-a3-b3-and-a3-b4-sn-full-synthetic-passenger-car-motor-oil',NULL,NULL,0,0,0,0,'2018-11-02 20:32:51','2018-11-18 20:45:17',NULL,NULL,NULL,NULL,NULL,NULL,NULL,NULL,NULL,NULL,NULL,NULL,NULL,NULL,NULL),(27,16,'EURO LINE 5W-40 A3/B3 & A3/B4 SN FULL SYNTHETIC PASSENGER CAR MOTOR OIL',NULL,NULL,'Motor oils are an important factor in the efficient operation of the engine. There are many more expensive cars on our roads that need to fill up on high-quality and safe motor oil. This, in turn, raises demand for quality, certified motor oils that have been approved by car manufacturing companies. US Global Petroleum recommends Everest Motor Oil. Why? Because Everest is certified by API, which has become one of the industry leaders thanks to high-end products and excellent performance. Everest Company is working diligently to ensure the highest quality product. Everest motor oils have passed all our experts\' tests and comply with all the necessary standards.','<p class=\"MsoNormal\">Motor oils&nbsp;are an important factor in the efficient operation of the engine. There are many more expensive cars on our roads that need to fill up on high-quality and safe motor oil. This, in turn, raises demand for quality, certified motor oils that have been approved by car manufacturing companies. US Global Petroleum recommends Everest Motor Oil. Why? Because Everest is certified by API, which has become one of the industry leaders thanks to high-end products and excellent performance. Everest Company is working diligently to ensure the highest quality product. Everest motor oils have passed all our experts\' tests and comply with all the necessary standards.</p>\r\n<h2 style=\"margin: 20px 0px 0px; padding: 0px; border: 0px; font-size: 15px; vertical-align: baseline; color: #3a3b3e; font-family: Tahoma, sans-serif; text-align: justify;\">Euro Line 5W-40 Everest is a new brand of product on the American market</h2>\r\n<p style=\"margin: 0px 0px 10px; padding: 0px; border: 0px; font-size: 15px; vertical-align: baseline; color: #3a3b3e; font-family: Tahoma, sans-serif; text-align: justify; line-height: 23px !important;\">This is a universal synthetic motor oil which offers high performance at an affordable price. Euro Line is an all-season, premium-quality motor oil, created with an advanced system of additives to ensure ultimate protection of the engine, even under harsh operating conditions. It\'s superior to standard motor oils, it reduces friction and wears when starting, and it protects your engine from burning up and lacquer deposits. Everest Euro Line is recommended for use in passenger cars, sports cars, and other mobile and stationary engines.</p>\r\n<p style=\"margin: 0px 0px 10px; padding: 0px; border: 0px; font-size: 15px; vertical-align: baseline; color: #3a3b3e; font-family: Tahoma, sans-serif; text-align: justify; line-height: 23px !important;\">Euro Line 5W-40 Everest corresponds to &mdash; and exceeds &mdash; the admission of the American Petroleum Institute (API) SN, as well as earlier API categories. It\'s been tested for compatibility with most American, Asian and European standards, including:</p>\r\n<p style=\"margin: 0px 0px 10px; padding: 0px; border: 0px; font-size: 15px; vertical-align: baseline; color: #3a3b3e; font-family: Tahoma, sans-serif; text-align: justify; line-height: 23px !important;\">&bull; ACEA A3/B3 &amp; A3/B4<br style=\"margin: 0px; padding: 0px; border: 0px;\" />&bull; API SN/CF</p>\r\n<p style=\"margin: 0px 0px 10px; padding: 0px; border: 0px; font-size: 15px; vertical-align: baseline; color: #3a3b3e; font-family: Tahoma, sans-serif; text-align: justify; line-height: 23px !important;\">&bull; MB Approval 229.3<br style=\"margin: 0px; padding: 0px; border: 0px;\" />&bull; VW 502.00/505.00<br style=\"margin: 0px; padding: 0px; border: 0px;\" />&bull; Porsche A40</p>\r\n<p style=\"margin: 0px 0px 10px; padding: 0px; border: 0px; font-size: 15px; vertical-align: baseline; color: #3a3b3e; font-family: Tahoma, sans-serif; text-align: justify; line-height: 23px !important;\">&bull; Renault RN 0710<br style=\"margin: 0px; padding: 0px; border: 0px;\" />&bull; Renault RN 0700<br style=\"margin: 0px; padding: 0px; border: 0px;\" />&bull; Opel GM-LL-A/B-025 (Demo)<br style=\"margin: 0px; padding: 0px; border: 0px;\" />&bull; JASO MA2 (T903-2011)</p>\r\n<h3 style=\"margin: 20px 0px 0px; padding: 0px; border: 0px; font-size: 15px; vertical-align: baseline; color: #3a3b3e; font-family: Tahoma, sans-serif; text-align: justify;\">The advantages of Euro Line 5W-40 Everest are as follows:</h3>\r\n<p style=\"margin: 0px 0px 10px; padding: 0px; border: 0px; font-size: 15px; vertical-align: baseline; color: #3a3b3e; font-family: Tahoma, sans-serif; text-align: justify; line-height: 23px !important;\">It prolongs the lives of diesel particulate filters (DPF) and three-way catalysts (TWC).<br style=\"margin: 0px; padding: 0px; border: 0px;\" />It offers outstanding wear protection by using a special friction modifier.<br style=\"margin: 0px; padding: 0px; border: 0px;\" />It provides maximum motor protection against wear, corrosion, deposits, and black slurry.<br style=\"margin: 0px; padding: 0px; border: 0px;\" />It shows excellent resistance to high temperatures.<br style=\"margin: 0px; padding: 0px; border: 0px;\" />It reduces emissions of exhaust gases &mdash; combined with an amazing performance &mdash; to reduce energy consumption.</p>','products/November2018/DHUDC6LLxPGNdlN1t4Cn.jpg',NULL,'[{\"download_link\":\"products\\/November2018\\/fEUON6tcWCVWuxdw02JV.pdf\",\"original_name\":\"DATA SHEET SAE 5W-40 A3_B3 & A3_B4 SN Full Synthetic Passenger Car Motor Oil .pdf\"}]','euro-line-5w-40-a3-b3-and-a3-b4-sn-full-synthetic-passenger-car-motor-oil',NULL,NULL,0,0,0,0,'2018-11-02 20:37:14','2018-11-18 20:45:17',NULL,NULL,NULL,NULL,NULL,NULL,NULL,NULL,NULL,NULL,NULL,NULL,NULL,NULL,NULL),(28,17,'5W-20 EXTREME PERFORMANCE HIGH MILEAGE',NULL,NULL,'Everest Extreme Performance High Mileage Motor Oils are premium multi-grade motor oils designed for maximum protection for high mileage passenger car, van, sport utility vehicle, light duty truck and other mobile and stationary engines. As your engine ages its oil breaks down faster.','<p class=\"MsoNormal\">Everest Extreme Performance High Mileage Motor Oils are premium multi-grade motor oils designed for maximum protection for high mileage passenger car, van, sport utility vehicle, light duty truck and other mobile and stationary engines. As your engine ages its oil breaks down faster.</p>\r\n<p class=\"MsoNormal\">Everest High Mileage oil provides maximum protections against oil burn-off and is scientifically formulated with special additives to meet the needs of high mileage vehicles.</p>\r\n<p class=\"MsoNormal\">Everest Extreme Performance High Mileage Motor Oils contain advanced seal conditioner additives to help reduce leakage and provide extra protects against wear and harmful deposits.</p>\r\n<p class=\"MsoNormal\">Everest Extreme Performance High Mileage Motor Oils are fully licensed to meet or exceed the latest American Petroleum Institute SN service classification and has been field tested to be comparable to most American, Asian and European manufacturers&rsquo; standards including ACEA A1/B1 &amp; A5/B5, Chrysler MS 6395S and Ford WSS M2C945-A, M2C946-A and other specifications where a synthetic blend API SN&nbsp;motor oil&nbsp;is recommended.</p>',NULL,NULL,NULL,'5w-20-extreme-performance-high-mileage',NULL,NULL,0,0,0,0,'2018-11-02 20:44:28','2018-11-18 20:45:17',NULL,NULL,NULL,NULL,NULL,NULL,NULL,NULL,NULL,NULL,NULL,NULL,NULL,NULL,NULL),(29,18,'5W-30 EXTREME PERFORMANCE HIGH MILEAGE',NULL,NULL,'Everest Extreme Performance High Mileage Motor Oils are premium multi-grade motor oils designed for maximum protection for high mileage passenger car, van, sport utility vehicle, light duty truck and other mobile and stationary engines. As your engine ages its oil breaks down faster.','<p class=\"MsoNormal\">Everest Extreme Performance High Mileage Motor Oils are premium multi-grade motor oils designed for maximum protection for high mileage passenger car, van, sport utility vehicle, light duty truck and other mobile and stationary engines. As your engine ages its oil breaks down faster.</p>\r\n<p class=\"MsoNormal\">Everest High Mileage oil provides maximum protections against oil burn-off and is scientifically formulated with special additives to meet the needs of high mileage vehicles.</p>\r\n<p class=\"MsoNormal\">Everest Extreme Performance High Mileage Motor Oils contain advanced seal conditioner additives to help reduce leakage and provide extra protects against wear and harmful deposits.</p>\r\n<p class=\"MsoNormal\">Everest Extreme Performance High Mileage Motor Oils are fully licensed to meet or exceed the latest American Petroleum Institute SN service classification and has been field tested to be comparable to most American, Asian and European manufacturers&rsquo; standards including ACEA A1/B1 &amp; A5/B5, Chrysler MS 6395S and Ford WSS M2C945-A, M2C946-A and other specifications where a synthetic blend API SN&nbsp;motor oil&nbsp;is recommended.</p>',NULL,NULL,NULL,'5w-30-extreme-performance-high-mileage',NULL,NULL,0,0,0,0,'2018-11-02 20:49:04','2018-11-18 20:45:17',NULL,NULL,NULL,NULL,NULL,NULL,NULL,NULL,NULL,NULL,NULL,NULL,NULL,NULL,NULL),(30,19,'10W-30 EXTREME PERFORMANCE HIGH MILEAGE',NULL,NULL,'Everest Extreme Performance High Mileage Motor Oils are premium multi-grade motor oils designed for maximum protection for high mileage passenger car, van, sport utility vehicle, light duty truck and other mobile and stationary engines. As your engine ages its oil breaks down faster.','<p class=\"MsoNormal\">Everest Extreme Performance High Mileage Motor Oils are premium multi-grade motor oils designed for maximum protection for high mileage passenger car, van, sport utility vehicle, light duty truck and other mobile and stationary engines. As your engine ages its oil breaks down faster.</p>\r\n<p class=\"MsoNormal\">Everest High Mileage oil provides maximum protections against oil burn-off and is scientifically formulated with special additives to meet the needs of high mileage vehicles.</p>\r\n<p class=\"MsoNormal\">Everest Extreme Performance High Mileage Motor Oils contain advanced seal conditioner additives to help reduce leakage and provide extra protects against wear and harmful deposits.</p>\r\n<p class=\"MsoNormal\">Everest Extreme Performance High Mileage Motor Oils are fully licensed to meet or exceed the latest American Petroleum Institute SN service classification and has been field tested to be comparable to most American, Asian and European manufacturers&rsquo; standards including ACEA A1/B1 &amp; A5/B5, Chrysler MS 6395S and Ford WSS M2C945-A, M2C946-A and other specifications where a synthetic blend API SN&nbsp;motor oil&nbsp;is recommended.</p>',NULL,NULL,NULL,'10w-30-extreme-performance-high-mileage',NULL,NULL,0,0,0,0,'2018-11-02 20:50:32','2018-11-18 20:45:17',NULL,NULL,NULL,NULL,NULL,NULL,NULL,NULL,NULL,NULL,NULL,NULL,NULL,NULL,NULL),(31,20,'ATF III',NULL,NULL,'Everest Extreme Performance Automatic Transmission Fluids are premium quality multi-purpose transmission fluids formulated to provide protection against rust, wear, and foaming.','<p class=\"MsoNormal\">Everest Extreme Performance Automatic Transmission Fluid should be your first choice in transmission oil for your business and customers.</p>\r\n<p class=\"MsoNormal\"><span lang=\"EN-US\" style=\"mso-ansi-language: EN-US;\">Everest Extreme Performance Automatic Transmission Fluids are premium quality multi-purpose transmission fluids formulated to provide protection against rust, wear, and foaming.</span></p>\r\n<p class=\"MsoNormal\"><span lang=\"EN-US\" style=\"mso-ansi-language: EN-US;\">Everest Extreme Performance Automatic&nbsp;Transmission Fluids&nbsp;are suitable for use in a wide range of operating temperatures and applications and are available in ATF-III and Full Synthetic Multi-Vehicle classifications.</span></p>\r\n<p class=\"MsoNormal\"><span lang=\"EN-US\" style=\"mso-ansi-language: EN-US;\">Use a product that is well-known for its performance capabilities and absolute reliability. </span>Recommended by automotive professionals and specialists, you can be certain every machine is kept in the finest condition possible.</p>\r\n<p class=\"MsoNormal\"><span lang=\"EN-US\" style=\"mso-ansi-language: EN-US;\">Don\'t trust your business to a product that doesn\'t back up its claims and provide you with a record of outstanding service.</span></p>\r\n<p class=\"MsoNormal\"><span lang=\"EN-US\" style=\"mso-ansi-language: EN-US;\">Why allow rust to permeate engines and cause wear and tear on the transmission and vital engine parts?&nbsp;</span></p>\r\n<p class=\"MsoNormal\"><span lang=\"EN-US\" style=\"mso-ansi-language: EN-US;\">Use a product that is consistent and known to be the best choice to keep it all running smoothly and reliably. It\'s a worry-free decision!</span></p>','products/November2018/iqVsxhxBbX3AsfVuqkv4.jpg','[\"products\\/November2018\\/SmLTYJAC6egRqpwnS5xy.jpg\"]','[{\"download_link\":\"products\\/November2018\\/CnlrC1ak0TQ5cLLJ7f73.pdf\",\"original_name\":\"ATF III Claims.pdf\"},{\"download_link\":\"products\\/November2018\\/Y9B8KM7nyXcCNvbFoQ1a.pdf\",\"original_name\":\"ATF Safety Data Sheet.pdf\"},{\"download_link\":\"products\\/November2018\\/hrjzbK1cOyWdmURjTU2P.pdf\",\"original_name\":\"Product Data Sheet.pdf\"}]','atf-iii',NULL,NULL,0,0,0,0,'2018-11-02 21:07:04','2018-11-18 20:45:17',NULL,NULL,NULL,NULL,NULL,NULL,NULL,NULL,NULL,NULL,NULL,NULL,NULL,NULL,NULL),(32,21,'DEXRON-VI FULL SYNTHETIC AUTOMATIC TRANSMISSION FLUID',NULL,NULL,'Everest Dexron®-VI Full Synthetic Automatic Transmission Fluid is a licensed and GM® approved, high performance ATF fluid formulated from 100% synthetic base oils and an advanced additive package that meets or exceeds the performance, protection and service requirements of virtually all makes and models of passenger car and light truck automatic transmissions manufactured worldwide requiring a General Motors DEXRON®-VI or earlier generation DEXRON® fluid.','<p><strong style=\"margin: 0px; padding: 0px; border: 0px; font-size: 15px; vertical-align: baseline; color: #3a3b3e; font-family: Tahoma, sans-serif; text-align: justify;\">Everest Dexron&reg;-VI Full Synthetic Automatic Transmission Fluid</strong><span style=\"color: #3a3b3e; font-family: Tahoma, sans-serif; font-size: 15px; text-align: justify;\">&nbsp;is a licensed and GM&reg; approved, high performance ATF fluid&nbsp;formulated from 100% synthetic base oils and an advanced additive package that meets or exceeds the performance, protection and&nbsp;service requirements of virtually all makes and models of passenger car and light truck automatic transmissions manufactured worldwide&nbsp;requiring a General Motors DEXRON&reg;-VI or earlier generation DEXRON&reg; fluid.</span><br style=\"margin: 0px; padding: 0px; border: 0px; color: #3a3b3e; font-family: Tahoma, sans-serif; font-size: 15px; text-align: justify;\" /><br style=\"margin: 0px; padding: 0px; border: 0px; color: #3a3b3e; font-family: Tahoma, sans-serif; font-size: 15px; text-align: justify;\" /><span style=\"color: #3a3b3e; font-family: Tahoma, sans-serif; font-size: 15px; text-align: justify;\">Everest Dexron&reg;-VI Full Synthetic Automatic Transmission Fluid is particularly recommended for use in GM 6-speed automatic&nbsp;transmissions and is fully backwards compatible with older GM automatic transmissions and may be used as a fluid top-off, or for drain-and&nbsp;fill or flush-and-fill installation or used in many power steering units and hydraulic systems. It provides extended life, superior performance,&nbsp;extreme protection, oxidation control, excellent low temperature and superior shear stability performance and offers consistent shift&nbsp;performance for the life of the fluid.</span><br style=\"margin: 0px; padding: 0px; border: 0px; color: #3a3b3e; font-family: Tahoma, sans-serif; font-size: 15px; text-align: justify;\" /><br style=\"margin: 0px; padding: 0px; border: 0px; color: #3a3b3e; font-family: Tahoma, sans-serif; font-size: 15px; text-align: justify;\" /><strong style=\"margin: 0px; padding: 0px; border: 0px; font-size: 15px; vertical-align: baseline; color: #3a3b3e; font-family: Tahoma, sans-serif; text-align: justify;\">Approvals, Applications amd Benefits</strong><br style=\"margin: 0px; padding: 0px; border: 0px; color: #3a3b3e; font-family: Tahoma, sans-serif; font-size: 15px; text-align: justify;\" /><br style=\"margin: 0px; padding: 0px; border: 0px; color: #3a3b3e; font-family: Tahoma, sans-serif; font-size: 15px; text-align: justify;\" /><span style=\"color: #3a3b3e; font-family: Tahoma, sans-serif; font-size: 15px; text-align: justify;\">&bull; GM DEXRON&reg;, DEXRON&reg; II, II-E, III, III-G, III-H, VI &bull; Ford MERCON&reg;, MERCON &reg;LV &bull; Acura ATF-Z1 &bull; Audi 5 HP LT71141</span><br style=\"margin: 0px; padding: 0px; border: 0px; color: #3a3b3e; font-family: Tahoma, sans-serif; font-size: 15px; text-align: justify;\" /><span style=\"color: #3a3b3e; font-family: Tahoma, sans-serif; font-size: 15px; text-align: justify;\">&bull; Chrysler (Mopar) ATF-Plus, ATF +3, ATF +4 &bull; Allison C-3, C-4, TES-295, TES-389 &bull; CAT TO-2 &bull; Daewoo LT 71141 &bull; Esso LT 71141</span><br style=\"margin: 0px; padding: 0px; border: 0px; color: #3a3b3e; font-family: Tahoma, sans-serif; font-size: 15px; text-align: justify;\" /><span style=\"color: #3a3b3e; font-family: Tahoma, sans-serif; font-size: 15px; text-align: justify;\">&bull; BMW &bull; Honda Z-1 &bull; Hyundai/Kia SP-II/III/IV &bull; JASO &bull; FIAT T-IV type, JWS 3309 &bull; Jaguar ATF 3403 M115, ATF LT71141, ZF 5HP24</span><br style=\"margin: 0px; padding: 0px; border: 0px; color: #3a3b3e; font-family: Tahoma, sans-serif; font-size: 15px; text-align: justify;\" /><span style=\"color: #3a3b3e; font-family: Tahoma, sans-serif; font-size: 15px; text-align: justify;\">&bull; ISUZU BESCO ATF-II /III &bull; Mazda ATF D-II/M-III/M-V/FZ/S-1/N-1 &bull; MINI COOPER T-IV &bull; Opel (all vehicles) &bull; Peugeot ZF 4HP20</span><br style=\"margin: 0px; padding: 0px; border: 0px; color: #3a3b3e; font-family: Tahoma, sans-serif; font-size: 15px; text-align: justify;\" /><span style=\"color: #3a3b3e; font-family: Tahoma, sans-serif; font-size: 15px; text-align: justify;\">&bull; Mercedes &bull; Mitsubishi &bull; Nissan/ Infinity Matic Fluids &bull; Toyota ATF D-II/D-III/T-III/T-IV/WS &bull; VW 5 HP, G-055-025 A2 (JWS 3309)</span><br style=\"margin: 0px; padding: 0px; border: 0px; color: #3a3b3e; font-family: Tahoma, sans-serif; font-size: 15px; text-align: justify;\" /><span style=\"color: #3a3b3e; font-family: Tahoma, sans-serif; font-size: 15px; text-align: justify;\">&bull; Porsche ZF 5HP19FL, ZF 5HP20, LT71141 &bull; Saab T-IV &bull; Scion (all vehicles) &bull; Shell 3403, M115, LA 2634 &bull; Subaru ATF &bull; Suzuki ATF</span><br style=\"margin: 0px; padding: 0px; border: 0px; color: #3a3b3e; font-family: Tahoma, sans-serif; font-size: 15px; text-align: justify;\" /><span style=\"color: #3a3b3e; font-family: Tahoma, sans-serif; font-size: 15px; text-align: justify;\">&bull; Vickers M2950-S, I-286-S &bull; Voith &bull; Volvo CE 97340 &bull; ZF all 3 &amp; 4 speed transmission &bull; and many more</span><br style=\"margin: 0px; padding: 0px; border: 0px; color: #3a3b3e; font-family: Tahoma, sans-serif; font-size: 15px; text-align: justify;\" /><span style=\"color: #3a3b3e; font-family: Tahoma, sans-serif; font-size: 15px; text-align: justify;\">&bull; Superior all-temperature, year-round protection and high performance</span><br style=\"margin: 0px; padding: 0px; border: 0px; color: #3a3b3e; font-family: Tahoma, sans-serif; font-size: 15px; text-align: justify;\" /><span style=\"color: #3a3b3e; font-family: Tahoma, sans-serif; font-size: 15px; text-align: justify;\">&bull; Advanced anti-wear protection and shear stability</span><br style=\"margin: 0px; padding: 0px; border: 0px; color: #3a3b3e; font-family: Tahoma, sans-serif; font-size: 15px; text-align: justify;\" /><span style=\"color: #3a3b3e; font-family: Tahoma, sans-serif; font-size: 15px; text-align: justify;\">&bull; Smoother shifting, protection against shudder</span><br style=\"margin: 0px; padding: 0px; border: 0px; color: #3a3b3e; font-family: Tahoma, sans-serif; font-size: 15px; text-align: justify;\" /><span style=\"color: #3a3b3e; font-family: Tahoma, sans-serif; font-size: 15px; text-align: justify;\">&bull; Extended life of service and performance</span></p>','products/November2018/QFpfAuNOd7RqC1sSjF2Z.jpg',NULL,'[{\"download_link\":\"products\\/November2018\\/iXjfr1rhLwDEwJBjUvvJ.pdf\",\"original_name\":\"EVEREST DEXRON-VI DATA SHEET .pdf\"},{\"download_link\":\"products\\/November2018\\/UcAqIxLMlobKtyFhtazc.pdf\",\"original_name\":\"External Claims.pdf\"},{\"download_link\":\"products\\/November2018\\/Wal3gpHYQovex6kYzkHB.pdf\",\"original_name\":\"Safety Data Sheet.pdf\"},{\"download_link\":\"products\\/November2018\\/yhE2CC6ulsajxLW8QqAe.pdf\",\"original_name\":\"US GLOBAL DEXRON-VI DATA SHEET.pdf\"}]','dexron-vi-full-synthetic-automatic-transmission-fluid',NULL,NULL,0,0,0,0,'2018-11-02 21:14:43','2018-11-18 20:45:17',NULL,NULL,NULL,NULL,NULL,NULL,NULL,NULL,NULL,NULL,NULL,NULL,NULL,NULL,NULL),(33,22,'PREMIUM CVT FLUID',NULL,NULL,'Everest Premium CVT Fluid (Continuously Variable Transmission Fluid) is specially formulated with a highly advanced additive package to meet the performance requirements of a variety of vehicles equipped with metal belt-type Continuously Variable Transmissions including Mini, Nissan and Subaru. Everest CVT Transmission Fluid has enhanced critical frictional characteristics that provide outstanding metal-to-metal frictional properties and a longer service life with improved high and low temperature protection. Everest CVT Transmission Fluid provides smooth shifting, a high level of both torque capacity and outstanding anti-shudder performance for enhanced driving comfort.','<p><span style=\"margin: 0px; padding: 0px; border: 0px; font-size: 15px; vertical-align: baseline; line-height: normal; font-family: Tahoma, sans-serif; text-align: justify; color: #27ae60;\"><strong style=\"margin: 0px; padding: 0px; border: 0px; vertical-align: baseline;\"><span style=\"color: #000000;\">Everest Premium CVT Fluid</span>&nbsp;</strong></span><span style=\"color: #3a3b3e; font-family: Tahoma, sans-serif; font-size: 15px; text-align: justify;\">(Continuously Variable Transmission Fluid) is specially formulated with a highly advanced additive package to meet the performance requirements of a variety of vehicles equipped with metal belt-type Continuously Variable Transmissions including Mini, Nissan and Subaru. Everest CVT Transmission Fluid has enhanced critical frictional characteristics that provide outstanding metal-to-metal frictional properties and a longer service life with improved high and low temperature protection. Everest CVT Transmission Fluid provides smooth shifting, a high level of both torque capacity and outstanding anti-shudder performance for enhanced driving comfort.</span></p>','products/March2019/ZuW2MCawB2twh97lxH25.jpg',NULL,'[{\"download_link\":\"products\\/November2018\\/hVOAlJUUA0Qiw2k6F5xP.pdf\",\"original_name\":\"everest-premium-cvt-fluid-external-claims-12-4-2017.pdf\"},{\"download_link\":\"products\\/November2018\\/oFNrTneNY43GOXSyFuJM.pdf\",\"original_name\":\"Safety Data Sheet.pdf\"}]','premium-cvt-fluid',NULL,NULL,0,0,0,0,'2018-11-04 19:06:08','2019-03-26 21:59:30',NULL,NULL,0,0,0,NULL,NULL,NULL,NULL,NULL,NULL,NULL,NULL,NULL,NULL),(34,23,'AW HYDRAULIC OIL ISO 32',NULL,NULL,'Everest Extreme AW Hydraulic Oils are an anti-wear hydraulic oil that contains rust, oxidation and foam inhibitors. They are designed for use with all vane and piston type hydraulic pumps, as well as circulating systems, compressors and other industrial equipment. They are formulated according to the ISO viscosity grade classifications that meet or exceed Cincinnati Machine P-68, P-69, P-70, Denison HF-0, HF-1, HF-2, Vickers 35VQ25, Eaton/Vickers M-2950-S, I-286-S, Ford M6C32, Chrysler, General Motors LS-2, and US Steel 136 performance specifications for stability and durability and comply with most industrial applications requiring a premium Anti-Wear Hydraulic Oil. ISO Viscosity Grades: 32, 46 and 68.','<p><span style=\"color: #3a3b3e; font-family: Tahoma, sans-serif; font-size: 15px; text-align: justify;\">Everest Extreme AW Hydraulic Oils are an anti-wear hydraulic oil that contains rust, oxidation and foam inhibitors. They are designed for use with all vane and piston type hydraulic pumps, as well as circulating systems, compressors and other industrial equipment. They are formulated according to the ISO viscosity grade classifications that meet or exceed Cincinnati Machine P-68, P-69, P-70, Denison HF-0, HF-1, HF-2, Vickers 35VQ25, Eaton/Vickers M-2950-S, I-286-S, Ford M6C32, Chrysler, General Motors LS-2, and US Steel 136 performance specifications for stability and durability and comply with most industrial applications requiring a premium Anti-Wear Hydraulic Oil. ISO Viscosity Grades: 32, 46 and 68.</span></p>',NULL,NULL,'[{\"download_link\":\"products\\/November2018\\/HV2S9lqMPkCQBBmYu57u.pdf\",\"original_name\":\"Premium Anti-Wear Hydraulic Oil.pdf\"},{\"download_link\":\"products\\/November2018\\/Khvh1LJVfDhVTKbcCU9j.pdf\",\"original_name\":\"Safety Data Sheet.pdf\"}]','aw-hydraulic-oil-iso-32',NULL,NULL,0,0,0,0,'2018-11-04 19:47:02','2018-11-18 20:45:17',NULL,NULL,NULL,NULL,NULL,NULL,NULL,NULL,NULL,NULL,NULL,NULL,NULL,NULL,NULL),(35,24,'AW HYDRAULIC OIL ISO 46',NULL,NULL,'Everest Extreme AW Hydraulic Oils are an anti-wear hydraulic oil that contains rust, oxidation and foam inhibitors. They are designed for use with all vane and piston type hydraulic pumps, as well as circulating systems, compressors and other industrial equipment. They are formulated according to the ISO viscosity grade classifications that meet or exceed Cincinnati Machine P-68, P-69, P-70, Denison HF-0, HF-1, HF-2, Vickers 35VQ25, Eaton/Vickers M-2950-S, I-286-S, Ford M6C32, Chrysler, General Motors LS-2, and US Steel 136 performance specifications for stability and durability and comply with most industrial applications requiring a premium Anti-Wear Hydraulic Oil. ISO Viscosity Grades: 32, 46 and 68.','<p><span style=\"color: #3a3b3e; font-family: Tahoma, sans-serif; font-size: 15px; text-align: justify;\">Everest Extreme AW Hydraulic Oils are an anti-wear hydraulic oil that contains rust, oxidation and foam inhibitors. They are designed for use with all vane and piston type hydraulic pumps, as well as circulating systems, compressors and other industrial equipment. They are formulated according to the ISO viscosity grade classifications that meet or exceed Cincinnati Machine P-68, P-69, P-70, Denison HF-0, HF-1, HF-2, Vickers 35VQ25, Eaton/Vickers M-2950-S, I-286-S, Ford M6C32, Chrysler, General Motors LS-2, and US Steel 136 performance specifications for stability and durability and comply with most industrial applications requiring a premium Anti-Wear Hydraulic Oil. ISO Viscosity Grades: 32, 46 and 68.</span></p>',NULL,NULL,'[{\"download_link\":\"products\\/November2018\\/p9cIA4TKOh0SungVMb4M.pdf\",\"original_name\":\"Premium Anti-Wear Hydraulic Oil.pdf\"},{\"download_link\":\"products\\/November2018\\/3FmpIKjyKGRJEyN8C7Nj.pdf\",\"original_name\":\"Safety Data Sheet.pdf\"}]','aw-hydraulic-oil-iso-46',NULL,NULL,0,0,0,0,'2018-11-04 20:17:20','2018-11-18 20:45:17',NULL,NULL,NULL,NULL,NULL,NULL,NULL,NULL,NULL,NULL,NULL,NULL,NULL,NULL,NULL),(36,25,'AW HYDRAULIC OIL ISO 68',NULL,NULL,'Everest Extreme AW Hydraulic Oils are an anti-wear hydraulic oil that contains rust, oxidation and foam inhibitors. They are designed for use with all vane and piston type hydraulic pumps, as well as circulating systems, compressors and other industrial equipment. They are formulated according to the ISO viscosity grade classifications that meet or exceed Cincinnati Machine P-68, P-69, P-70, Denison HF-0, HF-1, HF-2, Vickers 35VQ25, Eaton/Vickers M-2950-S, I-286-S, Ford M6C32, Chrysler, General Motors LS-2, and US Steel 136 performance specifications for stability and durability and comply with most industrial applications requiring a premium Anti-Wear Hydraulic Oil. ISO Viscosity Grades: 32, 46 and 68.','<p><span style=\"color: #3a3b3e; font-family: Tahoma, sans-serif; font-size: 15px; text-align: justify;\">Everest Extreme AW Hydraulic Oils are an anti-wear hydraulic oil that contains rust, oxidation and foam inhibitors. They are designed for use with all vane and piston type hydraulic pumps, as well as circulating systems, compressors and other industrial equipment. They are formulated according to the ISO viscosity grade classifications that meet or exceed Cincinnati Machine P-68, P-69, P-70, Denison HF-0, HF-1, HF-2, Vickers 35VQ25, Eaton/Vickers M-2950-S, I-286-S, Ford M6C32, Chrysler, General Motors LS-2, and US Steel 136 performance specifications for stability and durability and comply with most industrial applications requiring a premium Anti-Wear Hydraulic Oil. ISO Viscosity Grades: 32, 46 and 68.</span></p>',NULL,NULL,'[{\"download_link\":\"products\\/November2018\\/PUZlvYdTXBhl5HC0qvkL.pdf\",\"original_name\":\"Premium Anti-Wear Hydraulic Oil.pdf\"},{\"download_link\":\"products\\/November2018\\/0c7T20uMxpN8VTNbEldR.pdf\",\"original_name\":\"Safety Data Sheet.pdf\"}]','aw-hydraulic-oil-iso-68',NULL,NULL,0,0,0,0,'2018-11-04 20:21:03','2018-11-18 20:45:17',NULL,NULL,NULL,NULL,NULL,NULL,NULL,NULL,NULL,NULL,NULL,NULL,NULL,NULL,NULL),(37,26,'SAE 0W-16 ULTRA-LOW VISCOSITY FULL SYNTHETIC MOTOR OIL',NULL,NULL,'Everest Full Synthetic SAE 0W-16 Ultra-Low Viscosity Motor Oil is a superior quality motor oil designed with a specific low friction additive system for Hybrid Electric Vehicles (H.E.V) and Plug-in Hybrid Electric Vehicles (P.H.E.V) fitted with recent gasoline engines.','<p>Everest Full Synthetic SAE 0W-16 Ultra-Low Viscosity Motor Oil is a superior quality motor oil designed with a specific low friction additive system for Hybrid Electric Vehicles (H.E.V) and Plug-in Hybrid Electric Vehicles (P.H.E.V) fitted with recent gasoline engines. It outperforms conventional motor oil, reduces friction and wear at start-up and protects your engine against performance robbing sludge and varnish deposits. Everest Full Synthetic SAE 0W-16 Motor Oil is recommended for modern engines, including supercharged, turbo-charged, direct injection, and hybrid passenger car, truck, sport utility vehicle and other mobile or stationary engines where a full synthetic API SN PLUS / GF-5 low viscosity category 0W-16, 0W-20 or 5W-20 motor oil is recommended.</p>\r\n<p>&nbsp;</p>\r\n<p>Everest Full Synthetic SAE 0W-16 Ultra-Low Viscosity Motor Oil meets or exceeds car manufacturers&rsquo; ILSAC GF-5 and American Petroleum Institute (API) Resource Conserving SN PLUS service classifications and is compatible with all prior API categories. Everest Full Synthetic SAE 0W-16 has been field tested to be comparable to most American, Asian and European manufacturers&rsquo; standards including Toyota Prius, Honda Civic, Lexus ES3000h, Nissan, Mitsubishi, and many other OEM&rsquo;s hybrid specifications. This type of oil may be unsuitable for use in some engines.</p>\r\n<p>&nbsp;</p>\r\n<p>Benefits and Applications</p>\r\n<p>&bull; Ultra-low viscosity engine oil for Eco-friendly and sophisticated diesel and gasoline engines including hybrid, direct injection and supercharged</p>\r\n<p>&bull; Exceeds SN PLUS service classification</p>\r\n<p>&bull; Increased fuel efficiency and performance</p>\r\n<p>&bull; Maximum engine cleanliness and protection</p>\r\n<p>&bull; Ultra-low viscosity engine oil</p>\r\n<p>&bull; Quick engine stats at cold temperatures, minimizing friction and wear at start-up</p>','products/November2018/fKsPuD9bxyVpXqsAxSrV.jpg',NULL,'[{\"download_link\":\"products\\/November2018\\/89IJ4ot3Bsv87GgXyp4w.pdf\",\"original_name\":\"Product Data Sheet.pdf\"},{\"download_link\":\"products\\/November2018\\/WJoSbADGC015DNNjs9uV.pdf\",\"original_name\":\"Safety Data Sheet.pdf\"}]','sae-0w-16-ultra-low-viscosity-full-synthetic-motor-oil',NULL,NULL,0,0,0,0,'2018-11-05 21:46:43','2018-11-18 20:45:17',NULL,NULL,NULL,NULL,NULL,NULL,NULL,NULL,NULL,NULL,NULL,NULL,NULL,NULL,NULL),(38,27,'15W-40 HEAVY DUTY MOTOR OIL CK-4',NULL,NULL,'Everest CK-4 Advanced Heavy Duty SAE 15W-40 and 10W-30 Synthetic Blend Diesel Engine Oil is a high-performance engine oil designed to meet 2017 and prior model year on-highway and Tier 4 exhaust emission standards. It provides enhanced protection against wear, oxidation, shear viscosity loss, low and high temperature degradation, soot related thickening as well as protection against particulate filter blocking and catalyst poisoning.','<p>Everest CK-4 Advanced Heavy Duty SAE 15W-40 and 10W-30 Synthetic Blend Diesel Engine Oil is a high-performance engine oil designed to meet 2017 and prior model year on-highway and Tier 4 exhaust emission standards. It provides enhanced protection against wear, oxidation, shear viscosity loss, low and high temperature degradation, soot related thickening as well as protection against particulate filter blocking and catalyst poisoning. It outperforms conventional motor oil and is recommended for naturally aspirated, turbocharged or supercharged diesel, gasoline, or propane truck, sport utility vehicle, and passenger car engines. Everest Advanced Heavy Duty SAE 15W-40 and 10W-30 engine oil meets or exceeds American Petroleum Institute (API) CK-4 service classification and all prior API specifications including CJ-4, CI-4 Plus, CI-4, CH-4, CG-4, CF-4, CF-2, and CF. It has been field tested to be comparable to most American, Asian and European manufacturers&rsquo; standards including ACEA E7-12, MB 228.31, Renault VI RLD-4, Volvo VDS 4.5, Mack EOS-4.5, CAT ECF-3, and many other OEM&rsquo;s specifications where a synthetic blend API CK-4 engine oil is recommended.</p>\r\n<p>&nbsp;</p>\r\n<p>Always check your car manual for proper service recommendations.</p>','products/November2018/Z3QfhqKg5zFA3D8J9egz.jpg','[\"products\\/November2018\\/LzUlZLkYib7w8cT7k6Ui.jpg\",\"products\\/November2018\\/TMWkq76NctFov4gsVdju.jpg\"]','[{\"download_link\":\"products\\/November2018\\/IqN6kB4UMRfXspMdDf9t.pdf\",\"original_name\":\"Product Data Sheet.pdf\"},{\"download_link\":\"products\\/November2018\\/o6xvPkXCd9R09lpdrIrS.pdf\",\"original_name\":\"Safety Data Sheet.pdf\"},{\"download_link\":\"products\\/November2018\\/7Ag5kSZHmHNG6XeUpR58.pdf\",\"original_name\":\"Volvo, MACK, Renault approval certificate 15W-40 CK-4.pdf\"}]','15w-40-heavy-duty-motor-oil-ck-4',NULL,NULL,0,0,0,0,'2018-11-05 22:02:48','2018-11-18 20:45:17',NULL,NULL,NULL,NULL,NULL,NULL,NULL,NULL,NULL,NULL,NULL,NULL,NULL,NULL,NULL),(39,28,'10W-30 HEAVY DUTY MOTOR OIL CK-4',NULL,NULL,'Everest CK-4 Advanced Heavy Duty SAE 15W-40 and 10W-30 Synthetic Blend Diesel Engine Oil is a high-performance engine oil designed to meet 2017 and prior model year on-highway and Tier 4 exhaust emission standards. It provides enhanced protection against wear, oxidation, shear viscosity loss, low and high temperature degradation, soot related thickening as well as protection against particulate filter blocking and catalyst poisoning.','<p>Everest CK-4 Advanced Heavy Duty SAE 15W-40 and 10W-30 Synthetic Blend Diesel Engine Oil is a high-performance engine oil designed to meet 2017 and prior model year on-highway and Tier 4 exhaust emission standards. It provides enhanced protection against wear, oxidation, shear viscosity loss, low and high temperature degradation, soot related thickening as well as protection against particulate filter blocking and catalyst poisoning. It outperforms conventional motor oil and is recommended for naturally aspirated, turbocharged or supercharged diesel, gasoline, or propane truck, sport utility vehicle, and passenger car engines. Everest Advanced Heavy Duty SAE 15W-40 and 10W-30 engine oil meets or exceeds American Petroleum Institute (API) CK-4 service classification and all prior API specifications including CJ-4, CI-4 Plus, CI-4, CH-4, CG-4, CF-4, CF-2, and CF. It has been field tested to be comparable to most American, Asian and European manufacturers&rsquo; standards including ACEA E7-12, MB 228.31, Renault VI RLD-4, Volvo VDS 4.5, Mack EOS-4.5, CAT ECF-3, and many other OEM&rsquo;s specifications where a synthetic blend API CK-4 engine oil is recommended.</p>\r\n<p>&nbsp;</p>\r\n<p>Always check your car manual for proper service recommendations.</p>','products/November2018/JSesiY4cGTUV4Ch8mYGW.jpg','[]','[{\"download_link\":\"products\\/November2018\\/14VYyv2FYIDOhGj0s6oN.pdf\",\"original_name\":\"Product Data Sheet.pdf\"},{\"download_link\":\"products\\/November2018\\/GhC8Z8eaCPcQpCb1hx0p.pdf\",\"original_name\":\"Safety Data Sheet.pdf\"},{\"download_link\":\"products\\/November2018\\/QtIgDvNcOECyRjyzRACn.pdf\",\"original_name\":\"Volvo, MACK, Renault approval certificate 10W-30 CK-4.pdf\"}]','10w-30-heavy-duty-motor-oil-ck-4',NULL,NULL,0,0,0,0,'2018-11-05 22:05:39','2018-11-18 20:45:17',NULL,NULL,NULL,NULL,NULL,NULL,NULL,NULL,NULL,NULL,NULL,NULL,NULL,NULL,NULL),(40,29,'SAE 10W-40 EXTREME DUTY DIESEL ENGINE OIL',NULL,NULL,'Everest Extreme Duty SAE 10W-40 Diesel Engine Oil is a premium multi-grade diesel engine oil specifically engineered to meet the requirements of naturally aspirated, turbocharged or supercharged diesel, gasoline, or propane engines used in automotive, heavy duty trucking, construction, mining and farm equipment. It offers superior protection against wear, improved performance, greater fuel economy and minimizes sludge and varnish formation.','<p>Everest Extreme Duty SAE 10W-40 Diesel Engine Oil is a premium multi-grade diesel engine oil specifically engineered to meet the requirements of naturally aspirated, turbocharged or supercharged diesel, gasoline, or propane engines used in automotive, heavy duty trucking, construction, mining and farm equipment. It offers superior protection against wear, improved performance, greater fuel economy and minimizes sludge and varnish formation.</p>\r\n<p>&nbsp;</p>\r\n<p>Everest Extreme Duty SAE 10W-40 Diesel Engine Oil outperforms conventional motor oil and meets or exceeds the American Petroleum Institute (API) CJ-4 / SN PLUS service classifications as well as all prior API specifications including CI-4 Plus, CI-4, CH-4, CG-4, CF-4, CF-2, CF and API SM, SL, and SJ as well as the specifications for ACEA E9, E7, Mack EO-M Plus, Cummins CES 20081, Volvo VDS-4, Caterpillar ECF-3 -2, MB 228 31, JASO DH-2 and other OEM&rsquo;s specifications where an API CJ-4 / SN motor oil is recommended.</p>','products/November2018/KsWHCTQh8NSrcRpaUTpG.jpg',NULL,NULL,'sae-10w-40-extreme-duty-diesel-engine-oil',NULL,NULL,0,0,0,0,'2018-11-16 13:48:26','2018-11-18 20:45:17',NULL,NULL,NULL,NULL,NULL,NULL,NULL,NULL,NULL,NULL,NULL,NULL,NULL,NULL,NULL),(41,30,'75W-90 GL-5 GEAR OIL',NULL,NULL,'Everest Extreme Performance HDX All Purpose Gear Oils are multi-purpose extreme pressure gear lubricants for automotive manual transmission, trans-axles and differentials. They are suitable for make-up and refill of conventional and limited-slip differentials.','<p>Everest Extreme Performance HDX All Purpose Gear Oils are multi-purpose extreme pressure gear lubricants for automotive manual transmission, trans-axles and differentials. They are suitable for make-up and refill of conventional and limited-slip differentials.</p>\r\n<p>&nbsp;</p>\r\n<p>Everest Extreme Performance HDX All Purpose Gear Oils withstands shock, loading, high torque, and widely diversified temperatures and meets or exceed API GL-5 requirements.</p>','products/November2018/CoRoCjizPE72bbLAMBBj.jpg',NULL,'[{\"download_link\":\"products\\/November2018\\/6SI9NCNqCUaTzQ3u6er4.pdf\",\"original_name\":\"PRODUCT DATA SHEET.pdf\"},{\"download_link\":\"products\\/November2018\\/E274nrctwyNvWJhn9mDL.pdf\",\"original_name\":\"Safety Data Sheet.pdf\"}]','75w-90-gl-5-gear-oil',NULL,NULL,0,0,0,0,'2018-11-16 15:18:06','2018-11-18 20:45:17',NULL,NULL,NULL,NULL,NULL,NULL,NULL,NULL,NULL,NULL,NULL,NULL,NULL,NULL,NULL),(42,31,'75W-140 GL-5 GEAR OIL',NULL,NULL,'Everest Extreme Performance HDX All Purpose Gear Oils are multi-purpose extreme pressure gear lubricants for automotive manual transmission, trans-axles and differentials. They are suitable for make-up and refill of conventional and limited-slip differentials.','<p>Everest Extreme Performance HDX All Purpose Gear Oils are multi-purpose extreme pressure gear lubricants for automotive manual transmission, trans-axles and differentials. They are suitable for make-up and refill of conventional and limited-slip differentials.</p>\r\n<p>&nbsp;</p>\r\n<p>Everest Extreme Performance HDX All Purpose Gear Oils withstands shock, loading, high torque, and widely diversified temperatures and meets or exceed API GL-5 requirements.</p>','products/November2018/JaeQ399w6sP5jV5scH5R.jpg',NULL,'[{\"download_link\":\"products\\/November2018\\/u4hCxE44M43VfSXlf1dU.pdf\",\"original_name\":\"PRODUCT DATA SHEET.pdf\"},{\"download_link\":\"products\\/November2018\\/WST6Ac6F9xCqtvBoBOzY.pdf\",\"original_name\":\"Safety Data Sheet.pdf\"}]','75w-140-gl-5-gear-oil',NULL,NULL,0,0,0,0,'2018-11-16 16:01:32','2018-11-18 20:45:17',NULL,NULL,NULL,NULL,NULL,NULL,NULL,NULL,NULL,NULL,NULL,NULL,NULL,NULL,NULL),(43,32,'80W-140 GL-5 GEAR OIL',NULL,NULL,'Everest Extreme Performance HDX All Purpose Gear Oils are multi-purpose extreme pressure gear lubricants for automotive manual transmission, trans-axles and differentials. They are suitable for make-up and refill of conventional and limited-slip differentials.','<p>Everest Extreme Performance HDX All Purpose Gear Oils are multi-purpose extreme pressure gear lubricants for automotive manual transmission, trans-axles and differentials. They are suitable for make-up and refill of conventional and limited-slip differentials.</p>\r\n<p>&nbsp;</p>\r\n<p>Everest Extreme Performance HDX All Purpose Gear Oils withstands shock, loading, high torque, and widely diversified temperatures and meets or exceed API GL-5 requirements.</p>','products/November2018/WJmofHE6SOaP799TzSIa.jpg',NULL,'[{\"download_link\":\"products\\/November2018\\/guxrFl2QSdCXvu15qOah.pdf\",\"original_name\":\"PRODUCT DATA SHEET.pdf\"},{\"download_link\":\"products\\/November2018\\/qbCOCsE1Qtcpcbd3BoPy.pdf\",\"original_name\":\"Safety Data Sheet.pdf\"}]','80w-140-gl-5-gear-oil',NULL,NULL,0,0,0,0,'2018-11-16 16:05:05','2018-11-18 20:45:17',NULL,NULL,NULL,NULL,NULL,NULL,NULL,NULL,NULL,NULL,NULL,NULL,NULL,NULL,NULL),(44,33,'80W-90  GL-5 GEAR OILS',NULL,NULL,'Everest Extreme Performance HDX All Purpose Gear Oils are multi-purpose extreme pressure gear lubricants for automotive manual transmission, trans-axles and differentials. They are suitable for make-up and refill of conventional and limited-slip differentials.','<p>Everest Extreme Performance HDX All Purpose Gear Oils are multi-purpose extreme pressure gear lubricants for automotive manual transmission, trans-axles and differentials. They are suitable for make-up and refill of conventional and limited-slip differentials.</p>\r\n<p>&nbsp;</p>\r\n<p>Everest Extreme Performance HDX All Purpose Gear Oils withstands shock, loading, high torque, and widely diversified temperatures and meets or exceed API GL-5 requirements.</p>','products/November2018/B6Q7ltZkh8wFL9Tebm6t.jpg',NULL,'[{\"download_link\":\"products\\/November2018\\/tsgpdyhYTCy7wjxXpbgI.pdf\",\"original_name\":\"PRODUCT DATA SHEET.pdf\"},{\"download_link\":\"products\\/November2018\\/70g2K8yulNX0WSoHHWxs.pdf\",\"original_name\":\"Safety Data Sheet.pdf\"}]','80w-90-gl-5-gear-oils',NULL,NULL,0,0,0,0,'2018-11-16 16:11:35','2018-11-18 20:45:17',NULL,NULL,NULL,NULL,NULL,NULL,NULL,NULL,NULL,NULL,NULL,NULL,NULL,NULL,NULL),(45,34,'EXTREME TRACTOR AND HYDRAULIC HT FLUID',NULL,NULL,'Everest Extreme Tractor and Hydraulic HT Fluid is a multi-use hydraulic, transmission and wet-brake lubricant that is designed for farm machinery and off-road heavy equipment. Ideal for tractor hydraulic systems, transmission and final drives sharing a common reservoir. It provides excellent results in rust protection, water sensitivity, extreme pressure/anti-wear properties and foam suppression and provides cooling and frictional properties for wet-brakes and power takeoff clutches.','<p>Everest Extreme Tractor and Hydraulic HT Fluid is a multi-use hydraulic, transmission and wet-brake lubricant that is designed for farm machinery and off-road heavy equipment. Ideal for tractor hydraulic systems, transmission and final drives sharing a common reservoir. It provides excellent results in rust protection, water sensitivity, extreme pressure/anti-wear properties and foam suppression and provides cooling and frictional properties for wet-brakes and power takeoff clutches.</p>',NULL,NULL,'[{\"download_link\":\"products\\/November2018\\/pa7oRVq2BfVzWhAMCJTZ.pdf\",\"original_name\":\"Premium Tractor Hydraulic Fluid.pdf\"},{\"download_link\":\"products\\/November2018\\/y3rAiexC9t1DP5w5v3UD.pdf\",\"original_name\":\"Safety Data Sheet.pdf\"}]','extreme-tractor-and-hydraulic-ht-fluid',NULL,NULL,0,0,0,0,'2018-11-16 16:54:15','2018-11-18 20:45:17',NULL,NULL,NULL,NULL,NULL,NULL,NULL,NULL,NULL,NULL,NULL,NULL,NULL,NULL,NULL),(46,35,'CHAIN OIL',NULL,NULL,'Everest Chain Oil is formulated to protect chainsaw chains and bar. Contains a tackiness additive which reduces throw-off and drip page from moving parts such as chainsaw chains while minimizing wear of moving parts even at high-speed operation. This oil prevents premature chain wear at both low and high temperatures.','<p>Everest Chain Oil is formulated to protect chainsaw chains and bar. Contains a tackiness additive which reduces throw-off and drip page from moving parts such as chainsaw chains while minimizing wear of moving parts even at high-speed operation. This oil prevents premature chain wear at both low and high temperatures.</p>',NULL,NULL,'[{\"download_link\":\"products\\/November2018\\/Ix6KpoftZDH2srfw2V99.pdf\",\"original_name\":\"Chain Oil.pdf\"}]','chain-oil',NULL,NULL,0,0,0,0,'2018-11-16 17:14:01','2018-11-18 20:45:17',NULL,NULL,NULL,NULL,NULL,NULL,NULL,NULL,NULL,NULL,NULL,NULL,NULL,NULL,NULL),(47,36,'WAY OIL',NULL,NULL,'Way oils are designed to increase the life of machine tools by providing proprietary anti-rust and friction additives for superior protection. They are approved for use in General Motors, Ford, and Chrysler and are ideal for use in planers, grinders, horizontal boring machines, shapers, jig borers and milling machines.','<p>Way oils are designed to increase the life of machine tools by providing proprietary anti-rust and friction additives for superior protection. They are approved for use in General Motors, Ford, and Chrysler and are ideal for use in planers, grinders, horizontal boring machines, shapers, jig borers and milling machines.</p>',NULL,NULL,'[{\"download_link\":\"products\\/November2018\\/F2QsRUHx6agVsSYCHhn0.pdf\",\"original_name\":\"Way Oil.pdf\"}]','way-oil',NULL,NULL,0,0,0,0,'2018-11-16 17:26:47','2018-11-18 20:45:17',NULL,NULL,NULL,NULL,NULL,NULL,NULL,NULL,NULL,NULL,NULL,NULL,NULL,NULL,NULL),(48,37,'SPINDLE OIL',NULL,NULL,'Spindle oils are formulated fur use in high speed, light to moderate load spindle applications where heat dissipation as well as rust and oxidation inhibiting properties are important.','<p>Spindle oils are formulated fur use in high speed, light to moderate load spindle applications where heat dissipation as well as rust and oxidation inhibiting properties are important.</p>',NULL,NULL,'[{\"download_link\":\"products\\/November2018\\/qDOj4925JjSEemuP1xiS.pdf\",\"original_name\":\"Spindle Oils.pdf\"}]','spindle-oil',NULL,NULL,0,0,0,0,'2018-11-16 19:27:23','2018-11-18 20:45:17',NULL,NULL,NULL,NULL,NULL,NULL,NULL,NULL,NULL,NULL,NULL,NULL,NULL,NULL,NULL),(49,38,'TRANSFORMER OIL',NULL,NULL,'This electrical insulating oil is produced from a severely hydrotreated naphthenic oil to meet the specification requirements.','<p>This electrical insulating oil is produced from a severely hydrotreated naphthenic oil to meet the specification requirements defined in ASTM D 3487. It has very low pour points and excellent oxidation stability.</p>',NULL,NULL,'[{\"download_link\":\"products\\/November2018\\/7mJgZTwYzRRXntcmhLJD.pdf\",\"original_name\":\"ELECTRICAL INSULATING OIL MARKETING SPE.pdf\"}]','transformer-oil',NULL,NULL,0,0,0,0,'2018-11-16 19:32:45','2018-11-18 20:45:17',NULL,NULL,NULL,NULL,NULL,NULL,NULL,NULL,NULL,NULL,NULL,NULL,NULL,NULL,NULL),(50,39,'MARINE ENGINE OIL',NULL,NULL,'Everest Marine Engine Oil is designed for use in high performance boats requiring the superior protection.\r\nEverest Engine Oil is manufactured with the highest quality base oils and enhanced with a premium additive package from the industry leading producers. The package contains high levels of Zinc, Moly and Phosphorus to provide tougher, thicker additive film for maximum protection even under the most severe conditions. Everest Marine Oil has good cold temperature properties and stands up to high operating temperatures.','<p>Everest Marine Engine Oil is designed for use in high performance boats requiring the superior protection.</p>\r\n<p>Everest Engine Oil is manufactured with the highest quality base oils and enhanced with a premium additive package from the industry leading producers. The package contains high levels of Zinc, Moly and Phosphorus to provide tougher, thicker additive film for maximum protection even under the most severe conditions. Everest Marine Oil has good cold temperature properties and stands up to high operating temperatures.</p>',NULL,NULL,NULL,'marine-engine-oil',NULL,NULL,0,0,0,0,'2018-11-16 19:40:42','2018-11-18 20:45:17',NULL,NULL,NULL,NULL,NULL,NULL,NULL,NULL,NULL,NULL,NULL,NULL,NULL,NULL,NULL),(51,40,'TURBINE OIL',NULL,NULL,'Everest Turbine Oils are specifically formulated to meet the demands of geared and non-geared steam turbines, gas turbines and combined cycle gas turbines (CCGT) and provide excellent equipment protection, reliable operation, with reduced down-time and extended service life. They have good load carrying capacity, excellent water separability, superior rust and corrosion inhibition, low foaming tendency, outstanding thermal and oxidation stability properties that help reduce sludge formation, control deposits and minimize oil degradation.','<p>Everest Turbine Oils are specifically formulated to meet the demands of geared and non-geared steam turbines, gas turbines and combined cycle gas turbines (CCGT) and provide excellent equipment protection, reliable operation, with reduced down-time and extended service life. They have good load carrying capacity, excellent water separability, superior rust and corrosion inhibition, low foaming tendency, outstanding thermal and oxidation stability properties that help reduce sludge formation, control deposits and minimize oil degradation.</p>\r\n<p>&nbsp;</p>\r\n<p>Everest Turbine Oils meet or exceed the performance specifications of major gas and steam turbine manufacturers and provide multipurpose, reliable service for a wide range of industrial applications for which this type of product is recommended.</p>\r\n<p>&nbsp;</p>\r\n<p>Benefits and Applications</p>\r\n<p>&nbsp;</p>\r\n<p>&bull; Excellent oxidation control and thermal stability</p>\r\n<p>&bull; Special additives provide sludge and deposit control, and longer service life</p>\r\n<p>&bull; Excellent rust and corrosion protection</p>\r\n<p>&bull; Provide superior water separation and demulsibility</p>\r\n<p>&bull; Excellent anti-foam protection and rapid air release</p>','products/November2018/Xid1TJ7C1YYZG34LuLBA.jpg',NULL,'[{\"download_link\":\"products\\/November2018\\/XNuPZa2YSV2KmR5oUXWF.pdf\",\"original_name\":\"Everest Turbine Oil.pdf\"},{\"download_link\":\"products\\/November2018\\/aBO3PGPEoSqU7Lbf8zEv.pdf\",\"original_name\":\"Usglobal Turbine Oil.pdf\"}]','turbine-oil',NULL,NULL,0,0,0,0,'2018-11-16 19:50:18','2018-11-18 20:45:17',NULL,NULL,NULL,NULL,NULL,NULL,NULL,NULL,NULL,NULL,NULL,NULL,NULL,NULL,NULL),(52,0,'test',NULL,NULL,NULL,NULL,'products/November2018/H6QhK2bkhlDMCH0Bdo3L.jpg','[]','[{\"download_link\":\"products\\/November2018\\/eC1N3CcidyeVTKaZisyP.pdf\",\"original_name\":\"1234.pdf\"}]','testtest',NULL,NULL,1,1,1,1,'2018-11-18 20:46:30','2018-11-22 07:56:30',NULL,'5\r\n2',1,1,1,'products/November2018/VSDjOjARxjn7LNzVuGZd.jpg','products/November2018/1SL585bEl2CLPG4o2NWT.jpg','products/November2018/jyDOeTrRRMQoudeOSajO.jpg','8','7','6','4\r\n2','3\r\n2','2\r\n2','1\r\n2'),(53,0,'ATF JWS',NULL,NULL,'BMW FORMULATION for applications where BMW JWS 3309 (T-IV), LA2634, LT71141 (ZF 5 HP 18FL/19FL/24A), BMW ZF 5HP18FL, 5HP24, 5HP30, BMW 7045E, ETL 8072B, MINI, and Bosch TE-ML 09 specifications are recommended.','<p>MEETS BMW SPECIFICATIONS</p>\r\n<ul>\r\n<li>Full synthetic maximum wear protection</li>\r\n<li>Outstanding low temperature flow properties</li>\r\n</ul>\r\n<p>Everest Full Synthetic Automatic Transmission Fluid is formulated to meet the stringent specifications of BMW including BMW JWS 3309 (T-IV), LA2634, LT71141 (ZF 5 HP 18FL/19FL/24A), ZF 5HP18FL, 5HP24, 5HP30, BMW 7045E, ETL 8072B, BMW MINI, and BMW 4- &amp; 5-speed automatic transmission fluid. It provides extreme&nbsp;protection including additional oxidation control, excellent low temperature and superior shear stability performance in modern passenger car, flex-fuel&nbsp;vehicle, hybrid, truck, and sport utility vehicle transmissions. It is suitable for use in automatic transmissions calling for GM DEXRON&reg; II/III/IIE/IIIH, Ford&nbsp;MERCON&reg;LV, Allison C-3 &amp; C-4, CAT TO-2, Chrysler ATF+3 +4, Honda Z-1, DW-1, Hyundai/Kia SP-II/III/IV, JASO 1A, 2A, Nissan Matic Fluids, Toyota T-III, T-IV, WS&nbsp;and many other American, Asian and European OEM&rsquo;s performance standards including Mercedes Benz NAG 1, MAN 339A, Mazda, Mitsubishi, Subaru, Porsche,&nbsp;Voith 55.6335, VW, ZF TE-ML 21L, and ZF 8 &amp; 9 speed automatic transmission specifications.</p>\r\n<p>Always refer to owner&rsquo;s manual for manufacturer&rsquo;s recommendations.</p>','products/March2019/XQqYwUK39jsE86BlssDi.jpg',NULL,NULL,'atf-jws',NULL,NULL,0,0,0,0,'2019-03-26 15:34:01','2019-03-26 17:41:40',NULL,NULL,0,0,0,NULL,NULL,NULL,NULL,NULL,NULL,NULL,NULL,NULL,NULL),(54,0,'ATF +',NULL,NULL,'CHRYSLER FORMULATION for applications where Chrysler ATF+, +2, +3 (MS 7176E), +4 (MS 9602), Chrysler/Dodge MOPAR AS 68 RC and AS 69 RC (T-IV), JWS 330, Jeep 05127382AA, 68043742AA, and 68171866AA specifications are recommended.','<p>MEETS CHRYSLER&nbsp;SPECIFICATIONS</p>\r\n<ul>\r\n<li>Full synthetic maximum wear protection</li>\r\n<li>Outstanding low temperature flow properties</li>\r\n</ul>\r\n<p>Everest Full Synthetic Automatic Transmission Fluid is formulated to meet the&nbsp;stringent specifications of Chrysler including Chrysler ATF+, +2, +3 (MS 7176E),&nbsp;+4 (MS 9602), NAG 1, Dodge MOPAR AS 68 RC and AS 69 RC (T-IV), and JWS 3309.&nbsp;It provides extreme protection including additional oxidation control, excellent&nbsp;low temperature and superior shear stability performance in modern passenger&nbsp;car, flex-fuel vehicle, hybrid, truck, and sport utility vehicle transmissions. It is&nbsp;suitable for use in automatic transmissions calling for GM DEXRON&reg; II/III/IIE/IIIH,&nbsp;Ford MERCON&reg;LV, Allison C-3 &amp; C-4, CAT TO-2, Honda Z-1, DW-1, Hyundai/Kia&nbsp;SP-II/III/IV, JASO 1A, 2A, Nissan Matic Fluids, Toyota T-III, T-IV, WS and many&nbsp;other American, Asian and European OEM&rsquo;s performance standards including&nbsp;Mercedes Benz NAG 1, MAN 339A, Mazda, Mitsubishi, Subaru, Porsche, Voith&nbsp;55.6335, VW, ZF TE-ML 21L, ZF 8 &amp; 9 speed and BMW 4- and 5-speed automatic&nbsp;transmission specifications.</p>\r\n<p>Always refer to owner&rsquo;s manual for manufacturer&rsquo;s recommendations.</p>','products/March2019/8PkdPPzsDRtXtUnhi8tB.jpg',NULL,NULL,'atf',NULL,NULL,0,0,0,0,'2019-03-26 17:41:11','2019-03-26 17:41:11',NULL,NULL,0,0,0,NULL,NULL,NULL,NULL,NULL,NULL,NULL,NULL,NULL,NULL),(55,0,'ATF-Z1',NULL,NULL,'HONDA FORMULATION for applications where Honda ATF-Z1 (except in CVTs), ATF Ultra II, DW-1, Type 3.0 and Honda Type 3.1 specifications are recommended.','<p>MEETS HONDA SPECIFICATIONS</p>\r\n<ul>\r\n<li>Full synthetic maximum wear protection</li>\r\n<li>Outstanding low temperature flow properties</li>\r\n</ul>\r\n<p>Everest Full Synthetic Automatic Transmission Fluid is formulated to meet&nbsp;the stringent specifications of Honda including Honda ATF-Z1 (except in CVTs),&nbsp;ATF Ultra II, DW-1, Type 3.0, and Type 3.1. It provides extreme protection including&nbsp;additional oxidation control, excellent low temperature and superior shear&nbsp;stability performance in modern passenger car, flex-fuel vehicle, hybrid, truck,&nbsp;and sport utility vehicle transmissions. It is suitable for use in automatic&nbsp;transmissions calling for GM DEXRON&reg; II/III/IIE/IIIH, Allison C-3 &amp; C-4, CAT TO-2,&nbsp;Ford MERCON&reg;LV, Chrysler ATF+3 +4, DW-1, Hyundai/Kia SP-II/III/IV, JASO 1A, 2A,&nbsp;Nissan Matic Fluids, Toyota T-III, T-IV, WS and many other American, Asian and&nbsp;European OEM&rsquo;s performance standards including Mercedes Benz NAG 1, MAN&nbsp;339A, Mazda, Mitsubishi, Subaru, Porsche, Voith 55.6335, VW, ZF TE-ML 21L, ZF 8&nbsp;&amp; 9 speed and BMW 4- and 5-speed automatic transmission specifications.</p>\r\n<p>Always refer to owner&rsquo;s manual for manufacturer&rsquo;s recommendations.</p>','products/March2019/3LoIOSCru7UMbcJZiYGF.jpg',NULL,NULL,'atf-z1',NULL,NULL,0,0,0,0,'2019-03-26 18:22:41','2019-03-26 18:22:41',NULL,NULL,0,0,0,NULL,NULL,NULL,NULL,NULL,NULL,NULL,NULL,NULL,NULL),(56,0,'SP ATF',NULL,NULL,'HYUNDAI/KIA FORMULATION for applications where Hyundai/Kia SP-IV (00232-1904/04500-00115), SP-IV M (SP4-M), SP-IV-RR, SP-III, Dex-II/ SP-II, JWS 3314, NWS 9638, 040000C90SG, and NUMM040 CH20 Red-1 specifications are recommended.','<p>MEETS HYUNDAI/KIA&nbsp;SPECIFICATIONS</p>\r\n<ul>\r\n<li>Full synthetic maximum wear protection</li>\r\n<li>Outstanding low temperature flow properties</li>\r\n</ul>\r\n<p>Everest Full Synthetic Automatic Transmission Fluid is formulated to meet&nbsp;the stringent specifications of Hyundai/Kia including Hyundai/Kia SP-IV&nbsp;(00232-1904/04500-00115), SP-IV M (SP4-M), SP-IV-RR, SP-III, Dex-II/ SP-II, JWS&nbsp;3314, NWS 9638, 040000C90SG, and NUMM040 CH20 Red-1. It provides extreme&nbsp;protection including additional oxidation control, excellent low temperature&nbsp;and superior shear stability performance in modern passenger car, flex-fuel&nbsp;vehicle, hybrid, truck, and sport utility vehicle transmissions. It is suitable for&nbsp;use in automatic transmissions calling for GM DEXRON&reg; II/III/IIE/IIIH, Allison C-3&nbsp;&amp; C-4, CAT TO-2, Ford MERCON&reg;LV, Chrysler ATF+3 +4, Honda Z-1, DW-1, JASO 1A,&nbsp;2A, Nissan Matic Fluids, Toyota T-III, T-IV, WS and many other American, Asian&nbsp;and European OEM&rsquo;s performance standards including Mercedes Benz NAG 1,&nbsp;MAN 339A, Mazda, Mitsubishi, Subaru, Porsche, Voith 55.6335, VW, ZF TE-ML 21L,&nbsp;ZF 8 &amp; 9 speed and BMW 4- and 5-speed automatic transmission specifications.</p>\r\n<p>Always refer to owner&rsquo;s manual for manufacturer&rsquo;s recommendations.</p>','products/March2019/dqB1Ab0htYYMamMKBJah.jpg',NULL,NULL,'sp-atf',NULL,NULL,0,0,0,0,'2019-03-26 19:49:39','2019-03-26 19:49:39',NULL,NULL,0,0,0,NULL,NULL,NULL,NULL,NULL,NULL,NULL,NULL,NULL,NULL),(57,0,'ATF M-V',NULL,NULL,'MAZDA FORMULATION for applications where Mazda ATF D-II, ATF M-III, ATF M-V, ATF FZ, ATF F-1, ATF S-1, ATF N-1, and Mazda ATF 3317 specifications are recommended.','<p>MEETS MAZDA SPECIFICATIONS</p>\r\n<ul>\r\n<li>Full synthetic maximum wear protection</li>\r\n<li>Outstanding low temperature flow properties</li>\r\n</ul>\r\n<p>Everest Full Synthetic Automatic Transmission Fluid is formulated to meet the&nbsp;stringent specifications of Mazda including Mazda ATF D-II, ATF M-III, ATF M-V,&nbsp;ATF FZ, ATF F-1, ATF S-1, ATF N-1, and ATF 3317. It provides extreme protection&nbsp;including additional oxidation control, excellent low temperature and superior&nbsp;shear stability performance in modern passenger car, flex-fuel vehicle, hybrid,&nbsp;truck, and sport utility vehicle transmissions. It is suitable for use in automatic&nbsp;transmissions calling for GM DEXRON&reg; II/III/IIE/IIIH, Allison C-3 &amp; C-4, CAT TO-2,&nbsp;Ford MERCON&reg;LV, Chrysler ATF+3 +4, Honda Z-1, DW-1, Hyundai/Kia SP-II/III/IV,&nbsp;JASO 1A, 2A, Nissan Matic Fluids, Toyota T-III, T-IV, WS and many other American,&nbsp;Asian and European OEM&rsquo;s performance standards including Mercedes Benz NAG&nbsp;1, MAN 339A, Mitsubishi, Subaru, Porsche, Voith 55.6335, VW, ZF TE-ML 21L, ZF 8 &amp;&nbsp;9 speed and BMW 4- and 5-speed automatic transmission specifications.</p>\r\n<p>Always refer to owner&rsquo;s manual for manufacturer&rsquo;s recommendations.</p>','products/March2019/qlOyWYVQrv2miB6VlT6S.jpg',NULL,NULL,'atf-m-v',NULL,NULL,0,0,0,0,'2019-03-26 20:02:30','2019-03-26 20:02:30',NULL,NULL,0,0,0,NULL,NULL,NULL,NULL,NULL,NULL,NULL,NULL,NULL,NULL),(58,0,'ATF M314',NULL,NULL,'JASO FORMULATION for applications where JASO M315-2013 1A, M315-2013 1A-LV, and M315-2013 2A specifications are recommended.','<p>MEETS JASO SPECIFICATIONS</p>\r\n<ul>\r\n<li>Full synthetic maximum wear protection</li>\r\n<li>Outstanding low temperature flow properties</li>\r\n</ul>\r\n<p>Everest Full Synthetic Automatic Transmission Fluid is formulated to meet&nbsp;the stringent specifications of JASO including JASO M315-2013 1A, JASO M315-2013&nbsp;1A-LV and JASO M315-2013 2A. It provides extreme protection including additional&nbsp;oxidation control, excellent low temperature and superior shear stability&nbsp;performance in modern passenger car, flex-fuel vehicle, hybrid, truck, and&nbsp;sport utility vehicle transmissions. It is suitable for use in automatic&nbsp;transmissions calling for GM DEXRON&reg; II/III/IIE/IIIH, Allison C-3 &amp; C-4, CAT TO-2,&nbsp;Ford MERCON&reg;LV, Chrysler ATF+3 +4, Honda Z-1, DW-1, Hyundai/Kia SP-II/III/IV,&nbsp;Nissan Matic Fluids, Toyota T-III, T-IV, WS and many other American, Asian and&nbsp;European OEM&rsquo;s performance standards including Mercedes Benz NAG 1, MAN&nbsp;339A, Mazda, Mitsubishi, Subaru, Porsche, Voith 55.6335, VW, ZF TE-ML 21L, ZF 8&nbsp;&amp; 9 speed and BMW 4- and 5-speed automatic transmission specifications.</p>\r\n<p>Always refer to owner&rsquo;s manual for manufacturer&rsquo;s recommendations</p>','products/March2019/gCEW6y5BhCssoLAC85up.jpg',NULL,NULL,'atf-m314',NULL,NULL,0,0,0,0,'2019-03-26 20:31:06','2019-03-26 20:31:06',NULL,NULL,0,0,0,NULL,NULL,NULL,NULL,NULL,NULL,NULL,NULL,NULL,NULL),(59,0,'ATF +3, +4',NULL,NULL,'JEEP FORMULATION for applications where Jeep ATF +3, +4, 05127382AA, 68043742AA, and 68171866AA specifications are recommended.','<p>MEETS JEEP SPECIFICATIONS</p>\r\n<ul>\r\n<li>Full synthetic maximum wear protection</li>\r\n<li>Outstanding low temperature flow properties</li>\r\n</ul>\r\n<p>Everest Full Synthetic Automatic Transmission Fluid is formulated to meet the&nbsp;stringent specifications of JEEP including JEEP ATF+3, +4, NAG 1, Chrysler/Dodge/Jeep 05127382AA, 68043742AA, and 68171866AA. It rovides extreme&nbsp;protection including additional oxidation control, excellent low temperature&nbsp;and superior shear stability performance in modern passenger car, flex-fuel&nbsp;vehicle, hybrid, truck, and sport utility vehicle transmissions. It is suitable for&nbsp;use in automatic transmissions calling for GM DEXRON&reg; II/III/IIE/IIIH, Allison&nbsp;C-3 &amp; C-4, CAT TO-2, Ford MERCON&reg;LV, Honda Z-1, DW-1, Hyundai/Kia SP-II/III/IV,&nbsp;JASO 1A, 2A, Nissan Matic Fluids, Toyota T-III, T-IV, WS and many other American,&nbsp;Asian and European OEM&rsquo;s performance standards including Mercedes Benz&nbsp;NAG 1, MAN 339A, Mazda, Mitsubishi, Subaru, Porsche, Voith 55.6335, VW, ZF&nbsp;TE-ML 21L, ZF 8 &amp; 9 speed and BMW 4- and 5-speed automatic transmission&nbsp;specifications.</p>\r\n<p>Always refer to owner&rsquo;s manual for manufacturer&rsquo;s recommendations.</p>','products/March2019/SQjILlGG0hUo7C6lTASB.jpg',NULL,NULL,'atf-3-4',NULL,NULL,0,0,0,0,'2019-03-26 20:39:17','2019-03-26 20:39:17',NULL,NULL,0,0,0,NULL,NULL,NULL,NULL,NULL,NULL,NULL,NULL,NULL,NULL),(60,0,'ATF J2, J3',NULL,NULL,'MITSUBISHI FORMULATION for applications where Mitsubishi DiaQueen SK, SP-II, SP-III, SP-IV, AW, J2, J3, and ATF PA specifications are recommended.','<p>MEETS MITSUBISHI&nbsp;SPECIFICATIONS</p>\r\n<ul>\r\n<li>Full synthetic maximum wear protection</li>\r\n<li>Outstanding low temperature flow properties</li>\r\n</ul>\r\n<p>Everest Full Synthetic Automatic Transmission Fluid is formulated to meet&nbsp;the stringent specifications of Mitsubishi including Mitsubishi DiaQueen SK, SP-II,&nbsp;SP-III, SP-IV, AW, J2, J3, and ATF PA. It provides extreme protection including&nbsp;additional oxidation control, excellent low temperature and superior shear&nbsp;stability performance in modern passenger car, flex-fuel vehicle, hybrid, truck,&nbsp;and sport utility vehicle transmissions. It is suitable for use in automatic&nbsp;transmissions calling for GM DEXRON&reg; II/III/IIE/IIIH, Allison C-3 &amp; C-4, CAT TO-2,&nbsp;Ford MERCON&reg;LV, Honda Z-1, DW-1, Hyundai/Kia SP-II/III/IV, JASO 1A, 2A, Nissan&nbsp;Matic Fluids, Toyota T-III, T-IV, WS and many other American, Asian and&nbsp;European OEM&rsquo;s performance standards including Mercedes Benz NAG 1, MAN&nbsp;339A, Mazda, Subaru, Porsche, Voith 55.6335, VW, ZF TE-ML 21L, ZF 8 &amp; 9 speed&nbsp;and BMW 4- and 5-speed automatic transmission specifications.</p>\r\n<p>Always refer to owner&rsquo;s manual for manufacturer&rsquo;s recommendations.</p>','products/March2019/JKHvjnadIewpn6tRFKJe.jpg',NULL,NULL,'atf-j2-j3',NULL,NULL,0,0,0,0,'2019-03-26 20:43:59','2019-03-26 20:43:59',NULL,NULL,0,0,0,NULL,NULL,NULL,NULL,NULL,NULL,NULL,NULL,NULL,NULL),(61,0,'ATF T-IV',NULL,NULL,'TOYOTA FORMULATION for applications where Toyota ATF D-II, ATF D-III, ATF T-III, and ATF T-IV specifications are recommended.','<p>MEETS TOYOTA SPECIFICATIONS</p>\r\n<ul>\r\n<li>Full synthetic maximum wear protection</li>\r\n<li>Outstanding low temperature flow properties</li>\r\n</ul>\r\n<p>Everest Full Synthetic Automatic Transmission Fluid is formulated to meet the&nbsp;stringent specifications of Toyota including Toyota ATF D-II, ATF D-III, ATF T-III,&nbsp;ATF T-IV, and ATF WS. It provides extreme protection including additional oxidation&nbsp;control, excellent low temperature and superior shear stability performance in&nbsp;modern passenger car, flex-fuel vehicle, hybrid, truck, and sport utility vehicle&nbsp;transmissions. It is suitable for use in automatic transmissions calling for GM&nbsp;DEXRON&reg; II/III/IIE/IIIH, Allison C-3 &amp; C-4, CAT TO-2, Ford MERCON&reg;LV, Honda Z-1,&nbsp;DW-1, Hyundai/Kia SP-II/III/IV, JASO 1A, 2A, Nissan Matic Fluids, and many other&nbsp;American, Asian and European OEM&rsquo;s performance standards including Mercedes&nbsp;Benz NAG 1, MAN 339A, Mazda, Mitsubishi, Subaru, Porsche, Voith 55.6335, VW, ZF&nbsp;TE-ML 21L, ZF 8 &amp; 9 speed and BMW 4- and 5-speed automatic transmission&nbsp;specifications.</p>\r\n<p>Always refer to owner&rsquo;s manual for manufacturer&rsquo;s recommendations.</p>','products/March2019/KBRY76HwwU9DDKtg0dtT.jpg',NULL,NULL,'atf-t-iv',NULL,NULL,0,0,0,0,'2019-03-26 21:32:32','2019-03-26 21:32:32',NULL,NULL,0,0,0,NULL,NULL,NULL,NULL,NULL,NULL,NULL,NULL,NULL,NULL),(62,0,'ATF TO-2',NULL,NULL,'CATERPILLAR FORMULATION for applications where CAT TO-2 specifications are recommended.','<p>MEETS CATERPILLAR&nbsp;SPECIFICATIONS</p>\r\n<ul>\r\n<li>Full synthetic maximum wear protection</li>\r\n<li>Outstanding low temperature flow properties</li>\r\n</ul>\r\n<p>Everest Full Synthetic Automatic Transmission Fluid is formulated to meet&nbsp;the stringent specifications of Caterpillar CAT TO-2. It provides extreme protection&nbsp;including additional oxidation control, excellent low temperature and superior&nbsp;shear stability performance in modern passenger car, flex-fuel vehicle, hybrid,&nbsp;truck, and sport utility vehicle transmissions. It is suitable for use in automatic&nbsp;transmissions calling for GM DEXRON&reg; II/III/IIE/IIIH, Allison C-3 &amp; C-4, Ford&nbsp;MERCON&reg;LV, Honda Z-1, DW-1, Hyundai/Kia SP-II/III/IV, JASO 1A, 2A, Nissan Matic&nbsp;Fluids, Toyota T-III, T-IV, WS, and many other American, Asian and European&nbsp;OEM&rsquo;s performance standards including Mercedes Benz NAG 1, MAN 339A,&nbsp;Mazda, Mitsubishi, Subaru, Porsche, Voith 55.6335, VW, ZF TE-ML 21L, ZF 8 &amp; 9&nbsp;speed and BMW 4- and 5-speed automatic transmission specifications.</p>\r\n<p>Always refer to owner&rsquo;s manual for manufacturer&rsquo;s recommendations.</p>','products/March2019/vS1G9EjchtDbRZuxrTrn.jpg',NULL,NULL,'atf-to-2',NULL,NULL,0,0,0,0,'2019-03-26 21:37:27','2019-03-26 21:37:27',NULL,NULL,0,0,0,NULL,NULL,NULL,NULL,NULL,NULL,NULL,NULL,NULL,NULL),(63,0,'C-3 & C-4',NULL,NULL,'ALLISON FORMULATION for applications where C-3 and C-4 specifications are recommended.','<p>MEETS ALLISON SPECIFICATIONS</p>\r\n<ul>\r\n<li>Full synthetic maximum wear protection</li>\r\n<li>Outstanding low temperature flow properties</li>\r\n</ul>\r\n<p>Everest Full Synthetic Automatic Transmission Fluid is formulated to meet&nbsp;the stringent specifications of Allison C-3 &amp; C-4. It provides extreme protection&nbsp;including additional oxidation control, excellent low temperature and superior&nbsp;shear stability performance in modern passenger car, flex-fuel vehicle, hybrid,&nbsp;truck, and sport utility vehicle transmissions. It is suitable for use in automatic&nbsp;transmissions calling for GM DEXRON&reg; II/III/IIE/IIIH, Ford MERCON&reg;LV, CAT TO-2,&nbsp;Honda Z-1, DW-1, Hyundai/Kia SP-II/III/IV, JASO 1A, 2A, Nissan Matic Fluids, and&nbsp;many other American, Asian and European OEM&rsquo;s performance standards&nbsp;including Mercedes Benz NAG 1, MAN 339A, Mazda, Mitsubishi, Subaru, Porsche,&nbsp;Voith 55.6335, VW, ZF TE-ML 21L, ZF 8 &amp; 9 speed and BMW 4- and 5-speed&nbsp;automatic transmission specifications.</p>\r\n<p>Always refer to owner&rsquo;s manual for manufacturer&rsquo;s recommendations.</p>','products/March2019/I47UVNvEPOZW4bFWW6RM.jpg',NULL,NULL,'c-3-and-c-4',NULL,NULL,0,0,0,0,'2019-03-26 21:43:05','2019-03-26 21:43:05',NULL,NULL,0,0,0,NULL,NULL,NULL,NULL,NULL,NULL,NULL,NULL,NULL,NULL);
/*!40000 ALTER TABLE `products` ENABLE KEYS */;
UNLOCK TABLES;

--
-- Table structure for table `roles`
--

DROP TABLE IF EXISTS `roles`;
/*!40101 SET @saved_cs_client     = @@character_set_client */;
/*!40101 SET character_set_client = utf8 */;
CREATE TABLE `roles` (
  `id` int(10) unsigned NOT NULL AUTO_INCREMENT,
  `name` varchar(191) COLLATE utf8mb4_unicode_ci NOT NULL,
  `display_name` varchar(191) COLLATE utf8mb4_unicode_ci NOT NULL,
  `created_at` timestamp NULL DEFAULT NULL,
  `updated_at` timestamp NULL DEFAULT NULL,
  PRIMARY KEY (`id`),
  UNIQUE KEY `roles_name_unique` (`name`)
) ENGINE=InnoDB AUTO_INCREMENT=4 DEFAULT CHARSET=utf8mb4 COLLATE=utf8mb4_unicode_ci;
/*!40101 SET character_set_client = @saved_cs_client */;

--
-- Dumping data for table `roles`
--

LOCK TABLES `roles` WRITE;
/*!40000 ALTER TABLE `roles` DISABLE KEYS */;
INSERT INTO `roles` VALUES (1,'admin','Administrator','2018-10-27 16:28:23','2018-10-27 16:28:23'),(2,'user','Normal User','2018-10-27 16:28:23','2018-10-27 16:28:23'),(3,'manager','Manager','2018-10-29 13:19:48','2018-10-29 13:19:48');
/*!40000 ALTER TABLE `roles` ENABLE KEYS */;
UNLOCK TABLES;

--
-- Table structure for table `settings`
--

DROP TABLE IF EXISTS `settings`;
/*!40101 SET @saved_cs_client     = @@character_set_client */;
/*!40101 SET character_set_client = utf8 */;
CREATE TABLE `settings` (
  `id` int(10) unsigned NOT NULL AUTO_INCREMENT,
  `key` varchar(191) COLLATE utf8mb4_unicode_ci NOT NULL,
  `display_name` varchar(191) COLLATE utf8mb4_unicode_ci NOT NULL,
  `value` text COLLATE utf8mb4_unicode_ci,
  `details` text COLLATE utf8mb4_unicode_ci,
  `type` varchar(191) COLLATE utf8mb4_unicode_ci NOT NULL,
  `order` int(11) NOT NULL DEFAULT '1',
  `group` varchar(191) COLLATE utf8mb4_unicode_ci DEFAULT NULL,
  PRIMARY KEY (`id`),
  UNIQUE KEY `settings_key_unique` (`key`)
) ENGINE=InnoDB AUTO_INCREMENT=11 DEFAULT CHARSET=utf8mb4 COLLATE=utf8mb4_unicode_ci;
/*!40101 SET character_set_client = @saved_cs_client */;

--
-- Dumping data for table `settings`
--

LOCK TABLES `settings` WRITE;
/*!40000 ALTER TABLE `settings` DISABLE KEYS */;
INSERT INTO `settings` VALUES (1,'site.title','Site Title','Site Title','','text',1,'Site'),(2,'site.description','Site Description','Site Description','','text',2,'Site'),(3,'site.logo','Site Logo','settings/October2018/M9xy7f3I3cNmpryH0fMn.jpg','','image',3,'Site'),(4,'site.google_analytics_tracking_id','Google Analytics Tracking ID',NULL,'','text',4,'Site'),(5,'admin.bg_image','Admin Background Image','settings/October2018/Mtzg9VJ5hkncvCJioKcJ.jpeg','','image',5,'Admin'),(6,'admin.title','Admin Title','Everest Admin','','text',1,'Admin'),(7,'admin.description','Admin Description','Welcome to Everest Dashboard','','text',2,'Admin'),(8,'admin.loader','Admin Loader','','','image',3,'Admin'),(9,'admin.icon_image','Admin Icon Image','','','image',4,'Admin'),(10,'admin.google_analytics_client_id','Google Analytics Client ID (used for admin dashboard)',NULL,'','text',1,'Admin');
/*!40000 ALTER TABLE `settings` ENABLE KEYS */;
UNLOCK TABLES;

--
-- Table structure for table `sliders`
--

DROP TABLE IF EXISTS `sliders`;
/*!40101 SET @saved_cs_client     = @@character_set_client */;
/*!40101 SET character_set_client = utf8 */;
CREATE TABLE `sliders` (
  `id` int(10) unsigned NOT NULL AUTO_INCREMENT,
  `order` int(10) unsigned NOT NULL DEFAULT '0',
  `title` varchar(191) COLLATE utf8mb4_unicode_ci NOT NULL,
  `body` longtext COLLATE utf8mb4_unicode_ci,
  `image` varchar(191) COLLATE utf8mb4_unicode_ci DEFAULT NULL,
  `created_at` timestamp NULL DEFAULT NULL,
  `updated_at` timestamp NULL DEFAULT NULL,
  `deleted_at` timestamp NULL DEFAULT NULL,
  PRIMARY KEY (`id`)
) ENGINE=InnoDB AUTO_INCREMENT=4 DEFAULT CHARSET=utf8mb4 COLLATE=utf8mb4_unicode_ci;
/*!40101 SET character_set_client = @saved_cs_client */;

--
-- Dumping data for table `sliders`
--

LOCK TABLES `sliders` WRITE;
/*!40000 ALTER TABLE `sliders` DISABLE KEYS */;
INSERT INTO `sliders` VALUES (1,0,'THE BEST OF ITS KIND',NULL,'sliders/October2018/PrG2U3anOakFesKpEXkq.jpg','2018-10-28 14:55:25','2018-11-01 18:12:45',NULL),(2,0,'Lorem Ipsum','<p>Lorem ipsum dolor sit amet, consetetur sadipscing elitr, sed diam nonumy eirmod tempor<br />invidunt ut labore et dolore magna aliquyam<br />erat, sed diam voluptua. At vero eos et accusam et justo duo dolores et ea rebum.</p>','sliders/October2018/XjfOaD4vjc7sBcgQ8TPE.jpg','2018-10-28 14:56:10','2018-10-28 15:11:02','2018-10-28 15:11:02'),(3,0,'555',NULL,'sliders/November2018/08NbA6w0g5GhanfQEgsZ.jpeg','2018-11-11 08:59:09','2018-11-11 08:59:47','2018-11-11 08:59:47');
/*!40000 ALTER TABLE `sliders` ENABLE KEYS */;
UNLOCK TABLES;

--
-- Table structure for table `subscriptions`
--

DROP TABLE IF EXISTS `subscriptions`;
/*!40101 SET @saved_cs_client     = @@character_set_client */;
/*!40101 SET character_set_client = utf8 */;
CREATE TABLE `subscriptions` (
  `id` int(10) unsigned NOT NULL AUTO_INCREMENT,
  `email` varchar(191) COLLATE utf8mb4_unicode_ci NOT NULL,
  `created_at` timestamp NULL DEFAULT NULL,
  `updated_at` timestamp NULL DEFAULT NULL,
  PRIMARY KEY (`id`)
) ENGINE=InnoDB AUTO_INCREMENT=3 DEFAULT CHARSET=utf8mb4 COLLATE=utf8mb4_unicode_ci;
/*!40101 SET character_set_client = @saved_cs_client */;

--
-- Dumping data for table `subscriptions`
--

LOCK TABLES `subscriptions` WRITE;
/*!40000 ALTER TABLE `subscriptions` DISABLE KEYS */;
INSERT INTO `subscriptions` VALUES (1,'test@example.com','2018-11-10 23:17:48','2018-11-10 23:17:48'),(2,'joseph@laliani.com','2018-11-11 08:55:24','2018-11-11 08:55:24');
/*!40000 ALTER TABLE `subscriptions` ENABLE KEYS */;
UNLOCK TABLES;

--
-- Table structure for table `translations`
--

DROP TABLE IF EXISTS `translations`;
/*!40101 SET @saved_cs_client     = @@character_set_client */;
/*!40101 SET character_set_client = utf8 */;
CREATE TABLE `translations` (
  `id` int(10) unsigned NOT NULL AUTO_INCREMENT,
  `table_name` varchar(191) COLLATE utf8mb4_unicode_ci NOT NULL,
  `column_name` varchar(191) COLLATE utf8mb4_unicode_ci NOT NULL,
  `foreign_key` int(10) unsigned NOT NULL,
  `locale` varchar(191) COLLATE utf8mb4_unicode_ci NOT NULL,
  `value` text COLLATE utf8mb4_unicode_ci NOT NULL,
  `created_at` timestamp NULL DEFAULT NULL,
  `updated_at` timestamp NULL DEFAULT NULL,
  PRIMARY KEY (`id`),
  UNIQUE KEY `translations_table_name_column_name_foreign_key_locale_unique` (`table_name`,`column_name`,`foreign_key`,`locale`)
) ENGINE=InnoDB DEFAULT CHARSET=utf8mb4 COLLATE=utf8mb4_unicode_ci;
/*!40101 SET character_set_client = @saved_cs_client */;

--
-- Dumping data for table `translations`
--

LOCK TABLES `translations` WRITE;
/*!40000 ALTER TABLE `translations` DISABLE KEYS */;
/*!40000 ALTER TABLE `translations` ENABLE KEYS */;
UNLOCK TABLES;

--
-- Table structure for table `user_roles`
--

DROP TABLE IF EXISTS `user_roles`;
/*!40101 SET @saved_cs_client     = @@character_set_client */;
/*!40101 SET character_set_client = utf8 */;
CREATE TABLE `user_roles` (
  `user_id` int(10) unsigned NOT NULL,
  `role_id` int(10) unsigned NOT NULL,
  PRIMARY KEY (`user_id`,`role_id`),
  KEY `user_roles_user_id_index` (`user_id`),
  KEY `user_roles_role_id_index` (`role_id`),
  CONSTRAINT `user_roles_role_id_foreign` FOREIGN KEY (`role_id`) REFERENCES `roles` (`id`) ON DELETE CASCADE,
  CONSTRAINT `user_roles_user_id_foreign` FOREIGN KEY (`user_id`) REFERENCES `users` (`id`) ON DELETE CASCADE
) ENGINE=InnoDB DEFAULT CHARSET=utf8mb4 COLLATE=utf8mb4_unicode_ci;
/*!40101 SET character_set_client = @saved_cs_client */;

--
-- Dumping data for table `user_roles`
--

LOCK TABLES `user_roles` WRITE;
/*!40000 ALTER TABLE `user_roles` DISABLE KEYS */;
/*!40000 ALTER TABLE `user_roles` ENABLE KEYS */;
UNLOCK TABLES;

--
-- Table structure for table `users`
--

DROP TABLE IF EXISTS `users`;
/*!40101 SET @saved_cs_client     = @@character_set_client */;
/*!40101 SET character_set_client = utf8 */;
CREATE TABLE `users` (
  `id` int(10) unsigned NOT NULL AUTO_INCREMENT,
  `role_id` int(10) unsigned DEFAULT NULL,
  `name` varchar(191) COLLATE utf8mb4_unicode_ci NOT NULL,
  `email` varchar(191) COLLATE utf8mb4_unicode_ci NOT NULL,
  `avatar` varchar(191) COLLATE utf8mb4_unicode_ci DEFAULT 'users/default.png',
  `password` varchar(191) COLLATE utf8mb4_unicode_ci NOT NULL,
  `remember_token` varchar(100) COLLATE utf8mb4_unicode_ci DEFAULT NULL,
  `settings` text COLLATE utf8mb4_unicode_ci,
  `created_at` timestamp NULL DEFAULT NULL,
  `updated_at` timestamp NULL DEFAULT NULL,
  PRIMARY KEY (`id`),
  UNIQUE KEY `users_email_unique` (`email`),
  KEY `users_role_id_foreign` (`role_id`),
  CONSTRAINT `users_role_id_foreign` FOREIGN KEY (`role_id`) REFERENCES `roles` (`id`)
) ENGINE=InnoDB AUTO_INCREMENT=3 DEFAULT CHARSET=utf8mb4 COLLATE=utf8mb4_unicode_ci;
/*!40101 SET character_set_client = @saved_cs_client */;

--
-- Dumping data for table `users`
--

LOCK TABLES `users` WRITE;
/*!40000 ALTER TABLE `users` DISABLE KEYS */;
INSERT INTO `users` VALUES (1,1,'Vladimir','gleba.vladimir@gmail.com','users/October2018/0HOH7rOPUSlpV0FtpKG2.png','$2y$10$ZokvaOgWUgxhqkMVoKS/O.Wtuqr/oZiKcxEKnwaBJewZ8Q0Vi6qji','ZvOVVGUUqaVgVymJu9sakNHSWqdPDT1DGG8wGfbGnfEXMKscXy3uM7wvT0HV','{\"locale\":\"en\"}','2018-10-27 16:29:29','2018-10-27 16:34:17'),(2,3,'Test','test@example.com','users/default.png','$2y$10$IkpPrZk25gPOwwmIGNUBte922.ZarNHxXtTlsIco3hg1.SIEHuDxa',NULL,'{\"locale\":\"en\"}','2018-10-29 13:23:18','2018-10-29 13:23:18');
/*!40000 ALTER TABLE `users` ENABLE KEYS */;
UNLOCK TABLES;
/*!40103 SET TIME_ZONE=@OLD_TIME_ZONE */;

/*!40101 SET SQL_MODE=@OLD_SQL_MODE */;
/*!40014 SET FOREIGN_KEY_CHECKS=@OLD_FOREIGN_KEY_CHECKS */;
/*!40014 SET UNIQUE_CHECKS=@OLD_UNIQUE_CHECKS */;
/*!40101 SET CHARACTER_SET_CLIENT=@OLD_CHARACTER_SET_CLIENT */;
/*!40101 SET CHARACTER_SET_RESULTS=@OLD_CHARACTER_SET_RESULTS */;
/*!40101 SET COLLATION_CONNECTION=@OLD_COLLATION_CONNECTION */;
/*!40111 SET SQL_NOTES=@OLD_SQL_NOTES */;

-- Dump completed on 2019-04-09  9:04:15
